Date,Open,High,Low,Close,Volume,Dividends,Stock Splits
2023-12-19 00:00:00-05:00,87.80163298575079,88.22057137709739,87.4314038663918,87.98674011230469,1726000,0.0,0.0
2023-12-20 00:00:00-05:00,87.91854121069379,88.17185469773038,87.03195515575406,87.05143737792969,2498900,0.0,0.0
2023-12-21 00:00:00-05:00,87.14886289299565,87.88931369487838,86.32073094209915,86.9150390625,1940600,0.0,0.0
2023-12-22 00:00:00-05:00,87.47036602975766,88.22056157968417,87.24628705062361,87.37294006347656,865600,0.0,0.0
2023-12-26 00:00:00-05:00,87.10989980660952,88.18160043230493,87.03195605085423,87.94776916503906,932300,0.0,0.0
2023-12-27 00:00:00-05:00,87.82111032501824,87.94776334489478,87.24629188889564,87.48986053466797,1333000,0.0,0.0
2023-12-28 00:00:00-05:00,87.3437110277949,88.434893718293,87.32422137510767,88.31798553466797,1402500,0.0,0.0
2023-12-29 00:00:00-05:00,88.01596299259074,88.65898779062063,87.72368507513417,88.6297607421875,1305500,0.0,0.0
2024-01-02 00:00:00-05:00,88.366706308274,90.1691203272201,88.23030845419844,90.03272247314453,1806900,0.0,0.0
2024-01-03 00:00:00-05:00,90.22756222539121,90.68547243063378,89.75016980068332,90.60752868652344,2014300,0.0,0.0
2024-01-04 00:00:00-05:00,91.08492855464256,91.58181067254525,90.51011011938517,90.85110473632812,1727100,0.0,0.0
2024-01-05 00:00:00-05:00,90.65625580561812,91.59155854307964,90.52959534859832,91.1141586303711,1972000,0.0,0.0
2024-01-08 00:00:00-05:00,91.00698650704102,91.4648892877468,90.67572930492175,91.39669036865234,1203500,0.0,0.0
2024-01-09 00:00:00-05:00,91.22132896775916,91.51361432371897,90.75368131797393,91.2895278930664,1291800,0.0,0.0
2024-01-10 00:00:00-05:00,91.12389976980192,92.34174298800868,90.97775709699208,91.8935775756836,1572400,0.0,0.0
2024-01-11 00:00:00-05:00,91.4356698499278,91.4356698499278,88.72718764747914,88.90255737304688,2045300,0.0,0.0
2024-01-12 00:00:00-05:00,89.41892634369502,89.65275017882774,88.922044190053,89.26304626464844,2202500,0.0,0.0
2024-01-16 00:00:00-05:00,89.05844696722389,90.13014756723325,88.69796268033986,89.20458221435547,2038200,0.0,0.0
2024-01-17 00:00:00-05:00,88.717440477616,90.00348262011315,87.61651288308722,88.22056579589844,1885300,0.0,0.0
2024-01-18 00:00:00-05:00,87.77239548407505,87.93802781588806,86.63249598163584,87.10015106201172,1682300,0.0,0.0
2024-01-19 00:00:00-05:00,87.07091689066017,87.80162278370092,86.54480775569587,87.54830932617188,1689900,0.0,0.0
2024-01-22 00:00:00-05:00,87.54831348057806,88.0646778135298,86.4084140172931,86.90528869628906,1678500,0.0,0.0
2024-01-23 00:00:00-05:00,86.76888527677134,87.22679548468822,86.25252097699261,86.82734680175781,1586100,0.0,0.0
2024-01-24 00:00:00-05:00,87.51908450647248,87.54831155363777,85.81410404599809,86.04792785644531,1932400,0.0,0.0
2024-01-25 00:00:00-05:00,86.84683300320646,87.41191402752841,86.10638226213374,87.36319732666016,1548400,0.0,0.0
2024-01-26 00:00:00-05:00,87.68471852219928,87.91854235698328,87.13912709666137,87.7042007446289,2218900,0.0,0.0
2024-01-29 00:00:00-05:00,87.68471068937255,88.77590087609863,87.27551715677215,88.25952911376953,2173300,0.0,0.0
2024-01-30 00:00:00-05:00,88.09390789623544,88.87333055256617,87.72368622269727,88.34722137451172,1550000,0.0,0.0
2024-01-31 00:00:00-05:00,89.12663495169802,89.4091680168834,88.01595517797548,88.56155395507812,3138200,0.0,0.0
2024-02-01 00:00:00-05:00,88.0646804089961,90.43216798189208,87.68471391003597,90.39319610595703,1625100,0.0,0.0
2024-02-02 00:00:00-05:00,89.66249201396451,89.94503254550217,87.860085455104,88.75641632080078,1978400,0.0,0.0
2024-02-05 00:00:00-05:00,87.9964772723227,88.57130312344327,87.31448805891685,87.36319732666016,1852000,0.0,0.0
2024-02-06 00:00:00-05:00,87.04169392612775,88.04520306248578,86.91504089717026,87.46063232421875,1621500,0.0,0.0
2024-02-07 00:00:00-05:00,87.82111242203317,87.86982912560096,86.86632747035716,87.16835021972656,1413400,0.0,0.0
2024-02-08 00:00:00-05:00,86.77864262033033,87.17809879400409,85.84333985000667,86.38893127441406,1626500,0.0,0.0
2024-02-09 00:00:00-05:00,86.08690872803373,86.84684176625784,86.01870979981172,86.7688980102539,1457600,0.0,0.0
2024-02-12 00:00:00-05:00,86.78838028381227,87.25602791380751,86.16484515506856,87.14885711669922,1627300,0.0,0.0
2024-02-13 00:00:00-05:00,86.99152545748211,87.38488678781965,84.50352573450635,85.23123931884766,3513600,0.83,0.0
2024-02-14 00:00:00-05:00,85.59509137946986,85.95895188695171,85.01488178660652,85.39840698242188,2413000,0.0,0.0
2024-02-15 00:00:00-05:00,85.57542447587706,86.89318375792047,85.43774914080817,86.75550842285156,2168500,0.0,0.0
2024-02-16 00:00:00-05:00,86.09663044086298,86.91284633529474,85.2902431395951,85.87044525146484,2949300,0.0,0.0
2024-02-20 00:00:00-05:00,85.97862534264287,87.1980387177153,85.58526401117788,86.12613677978516,1974500,0.0,0.0
2024-02-21 00:00:00-05:00,86.64733070563267,87.31604266698038,86.26380550014206,87.13903045654297,1747200,0.0,0.0
2024-02-22 00:00:00-05:00,86.45065307617188,86.74566842258058,85.2902413737151,86.45065307617188,1628800,0.0,0.0
2024-02-23 00:00:00-05:00,86.62766167988852,87.37504742935354,86.2441364603819,86.47032165527344,1190700,0.0,0.0
2024-02-26 00:00:00-05:00,86.25396887254217,86.30314184842713,84.66085898842799,84.77886962890625,1562900,0.0,0.0
2024-02-27 00:00:00-05:00,85.09356342175543,85.73277464152778,84.72971038333765,85.43775177001953,1159000,0.0,0.0
2024-02-28 00:00:00-05:00,85.40824764456741,85.83110974240195,85.01488633218177,85.2115707397461,1185500,0.0,0.0
2024-02-29 00:00:00-05:00,85.58525585924446,86.28346859228746,85.21156675645518,85.76226806640625,2803400,0.0,0.0
2024-03-01 00:00:00-05:00,85.54592534150837,85.66393598930674,84.42485044702504,85.56559753417969,1572000,0.0,0.0
2024-03-04 00:00:00-05:00,85.12306173799655,87.91592033159489,85.12306173799655,87.65039825439453,1960800,0.0,0.0
2024-03-05 00:00:00-05:00,88.06343469238041,89.282848061151,87.1882096733342,87.51272583007812,2037200,0.0,0.0
2024-03-06 00:00:00-05:00,88.07326506124407,88.78131396794396,87.95526191195641,88.35845184326172,1436700,0.0,0.0
2024-03-07 00:00:00-05:00,89.25334010414342,89.41068012163016,88.24043982658009,88.44695281982422,1007900,0.0,0.0
2024-03-08 00:00:00-05:00,88.67313550752846,88.8403116301527,87.68973595880729,88.62397003173828,1072800,0.0,0.0
2024-03-11 00:00:00-04:00,88.67313233770497,89.48935573462413,88.260106342665,89.29267883300781,1197200,0.0,0.0
2024-03-12 00:00:00-04:00,88.86981671699873,89.54835727930363,88.41745384121451,88.43711853027344,1316800,0.0,0.0
2024-03-13 00:00:00-04:00,88.89932281066486,89.58769950997772,87.95526012186008,88.08309936523438,1673600,0.0,0.0
2024-03-14 00:00:00-04:00,87.71922907929017,88.05358879806303,86.57848960388611,87.19802856445312,1450300,0.0,0.0
2024-03-15 00:00:00-04:00,86.58832942302612,87.7389050433066,86.58832942302612,87.46355438232422,3462300,0.0,0.0
2024-03-18 00:00:00-04:00,87.32588501322394,87.87658637278291,86.97186056700937,87.51272583007812,1355000,0.0,0.0
2024-03-19 00:00:00-04:00,87.90608423701573,88.30928164953352,87.30620991769221,88.22077178955078,1507600,0.0,0.0
2024-03-20 00:00:00-04:00,87.95525093671336,88.71246522688179,87.14886367198199,87.5618896484375,1545700,0.0,0.0
2024-03-21 00:00:00-04:00,87.75857740152337,88.24044860309662,87.13903836017076,87.17837524414062,2162900,0.0,0.0
2024-03-22 00:00:00-04:00,87.67006890530321,87.86674580864744,86.91284707166777,87.12919616699219,1507500,0.0,0.0
2024-03-25 00:00:00-04:00,87.2767107904294,87.56189756263718,86.5391611217779,87.0308609008789,1163700,0.0,0.0
2024-03-26 00:00:00-04:00,86.97186201024242,87.06036437189303,85.71311173736628,85.998291015625,1412000,0.0,0.0
2024-03-27 00:00:00-04:00,86.46048422013939,88.59445938337021,86.46048422013939,88.55513000488281,1935200,0.0,0.0
2024-03-28 00:00:00-04:00,88.71246729834398,89.39101534889556,88.29944131224418,89.30250549316406,1785800,0.0,0.0
2024-04-01 00:00:00-04:00,89.28284537217287,89.4106846117222,88.19127127967734,88.83048248291016,1109600,0.0,0.0
2024-04-02 00:00:00-04:00,88.90915223918748,90.20723927678365,88.90915223918748,89.09599304199219,1829400,0.0,0.0
2024-04-03 00:00:00-04:00,89.03699255425185,89.35168009740761,88.29944292159843,88.39778137207031,1404600,0.0,0.0
2024-04-04 00:00:00-04:00,88.98782542940938,89.2238467293539,87.8765866107915,88.69281005859375,1667000,0.0,0.0
2024-04-05 00:00:00-04:00,88.18143074090025,88.51579046996257,87.41438033676212,88.1617660522461,1737900,0.0,0.0
2024-04-08 00:00:00-04:00,88.20110339999997,89.26316915603847,88.00441899870191,89.09599304199219,1437900,0.0,0.0
2024-04-09 00:00:00-04:00,89.27300679958391,89.64670341715792,88.85014470789004,89.61719512939453,1184100,0.0,0.0
2024-04-10 00:00:00-04:00,88.02409333936663,88.26010712394398,86.83418081774623,87.41438293457031,1623500,0.0,0.0
2024-04-11 00:00:00-04:00,87.90608436168012,87.90608436168012,86.67683493554324,87.08003234863281,1325800,0.0,0.0
2024-04-12 00:00:00-04:00,87.26687358589253,87.84708321929021,86.55882471253955,87.15869903564453,1392700,0.0,0.0
2024-04-15 00:00:00-04:00,88.28960499143156,88.73213926347528,87.33570628591238,87.83724212646484,3518000,0.0,0.0
2024-04-16 00:00:00-04:00,87.56189037202626,87.78806805030274,85.94911582923596,85.96878051757812,2098200,0.0,0.0
2024-04-17 00:00:00-04:00,86.55882443765947,89.02715939033114,86.39164831607732,88.83048248291016,2923100,0.0,0.0
2024-04-18 00:00:00-04:00,89.1550079342924,89.66637240556659,88.18143696547803,89.39102172851562,2528800,0.0,0.0
2024-04-19 00:00:00-04:00,89.89254986299197,90.99395247632343,89.61719170691651,90.24656677246094,7398300,0.0,0.0
2024-04-22 00:00:00-04:00,89.94172168410118,91.31848255069183,89.73520867952405,91.19064331054688,1818300,0.0,0.0
2024-04-23 00:00:00-04:00,90.83661377787597,91.82984186283049,90.71860313784748,91.2988052368164,1843800,0.0,0.0
2024-04-24 00:00:00-04:00,90.5219320064906,92.19370824829575,89.80404703039021,91.87902069091797,2001700,0.0,0.0
2024-04-25 00:00:00-04:00,91.87901751800979,92.79357937235955,91.15130397346853,92.5477294921875,2191500,0.0,0.0
2024-04-26 00:00:00-04:00,92.54773325385554,92.8132478340265,91.38732147216797,91.38732147216797,1418600,0.0,0.0
2024-04-29 00:00:00-04:00,91.76100218666419,92.61656242694163,91.76100218666419,92.41004943847656,1146300,0.0,0.0
2024-04-30 00:00:00-04:00,91.76100688071699,93.28527913898351,91.23980633515602,92.83291625976562,3732000,0.0,0.0
2024-05-01 00:00:00-04:00,92.48872298188509,93.85564764241312,92.2232009239451,93.22627258300781,2372900,0.0,0.0
2024-05-02 00:00:00-04:00,93.52129654901768,94.0326685211719,92.8919214315534,93.66880798339844,1991600,0.0,0.0
2024-05-03 00:00:00-04:00,94.40634622570106,95.1537319007557,93.39344600309325,93.97364807128906,2465200,0.0,0.0
2024-05-06 00:00:00-04:00,94.05232368262901,94.66203404835244,93.49178629096514,94.53418731689453,2071500,0.0,0.0
2024-05-07 00:00:00-04:00,95.13406872192326,95.94045603887584,94.31785281161562,95.88145446777344,2029800,0.0,0.0
2024-05-08 00:00:00-04:00,95.72410168385925,96.49115957977756,95.03572504966121,95.95028686523438,2179700,0.0,0.0
2024-05-09 00:00:00-04:00,95.93062772579326,96.61900439980919,95.35041809820008,96.49116516113281,1613200,0.0,0.0
2024-05-10 00:00:00-04:00,96.80584600812418,96.91402054979824,95.97978655377153,96.078125,1688500,0.0,0.0
2024-05-13 00:00:00-04:00,96.07812846140406,96.83535028040293,95.93062453811851,96.01912689208984,1558000,0.0,0.0
2024-05-14 00:00:00-04:00,96.50512916051925,96.63406442607048,95.23557952102594,95.85051727294922,1723400,0.83,0.0
2024-05-15 00:00:00-04:00,96.69357270470815,96.8820229589369,95.8802718343961,96.11831665039062,1749100,0.0,0.0
2024-05-16 00:00:00-04:00,96.16790364508871,96.5150428762461,95.76125699346653,96.11831665039062,2388200,0.0,0.0
2024-05-17 00:00:00-04:00,96.24725527277297,96.3761905439646,95.60256378267893,96.3067626953125,1570700,0.0,0.0
2024-05-20 00:00:00-04:00,96.42577937614882,96.44561266012717,95.65215266084562,95.7215805053711,1224500,0.0,0.0
2024-05-21 00:00:00-04:00,95.84059505960916,96.40593823966204,95.08680919758365,95.55296325683594,1516000,0.0,0.0
2024-05-22 00:00:00-04:00,95.35460121173689,97.30850886702451,95.00746198626976,95.34468078613281,3657500,0.0,0.0
2024-05-23 00:00:00-04:00,94.58097502052036,94.97770880916524,92.97420658168902,93.1031494140625,2056700,0.0,0.0
2024-05-24 00:00:00-04:00,93.33127100543952,93.82718637482769,92.954378048849,93.65857696533203,1639100,0.0,0.0
2024-05-28 00:00:00-04:00,93.4602112974266,94.54130314103824,92.36919146085069,92.44853973388672,2168800,0.0,0.0
2024-05-29 00:00:00-04:00,91.9526244585629,92.16090800016407,91.11949029215816,91.15916442871094,2013500,0.0,0.0
2024-05-30 00:00:00-04:00,91.60548679133319,92.0220538816694,91.41703653124722,91.69474792480469,1929600,0.0,0.0
2024-05-31 00:00:00-04:00,92.07164550877795,94.10489389937862,92.01213052129363,93.77759552001953,7907600,0.0,0.0
2024-06-03 00:00:00-04:00,93.77759883098598,94.43220317988371,92.67666611200218,92.91470336914062,2211800,0.0,0.0
2024-06-04 00:00:00-04:00,92.64691111919119,93.39078415864358,92.04189377507113,92.95437622070312,3445900,0.0,0.0
2024-06-05 00:00:00-04:00,92.79567768016253,92.8849463778546,91.48646146153116,91.84352111816406,2129700,0.0,0.0
2024-06-06 00:00:00-04:00,91.62531528685616,92.15099190240302,90.97071097441304,91.13932037353516,1416800,0.0,0.0
2024-06-07 00:00:00-04:00,90.28634679442528,91.3277720491488,90.24667265864778,90.86161041259766,1312300,0.0,0.0
2024-06-10 00:00:00-04:00,90.62357500633581,91.60548529381019,90.33594319140538,91.56581115722656,1803600,0.0,0.0
2024-06-11 00:00:00-04:00,90.9310375477653,91.41703246487305,90.36569435972268,91.0004653930664,1315600,0.0,0.0
2024-06-12 00:00:00-04:00,91.79393165607576,91.94270020311745,89.93920557659169,90.39544677734375,1333400,0.0,0.0
2024-06-13 00:00:00-04:00,90.5144729708883,90.74258979727932,89.43337355903738,89.86978149414062,1598000,0.0,0.0
2024-06-14 00:00:00-04:00,89.53255815713634,90.55415018236957,89.3143617492433,90.1276626586914,1258500,0.0,0.0
2024-06-17 00:00:00-04:00,89.65157624527612,90.26651400258122,89.36394443462056,89.90945434570312,1401200,0.0,0.0
2024-06-18 00:00:00-04:00,89.7110805995756,90.19708307359039,89.0168021610794,89.65157318115234,1336400,0.0,0.0
2024-06-20 00:00:00-04:00,89.81027664339793,90.47480142391234,89.52264482039884,89.79043579101562,1383800,0.0,0.0
2024-06-21 00:00:00-04:00,89.9094547803721,90.70291480288454,89.57222840632681,89.60198211669922,3202300,0.0,0.0
2024-06-24 00:00:00-04:00,89.73092353493188,91.06989345003245,89.68132897371541,90.52438354492188,1441200,0.0,0.0
2024-06-25 00:00:00-04:00,90.31609968935176,90.39544796019062,88.55064228205876,88.65974426269531,1531300,0.0,0.0
2024-06-26 00:00:00-04:00,88.19358122229684,89.09615076277687,87.79684744150416,88.93745422363281,1838700,0.0,0.0
2024-06-27 00:00:00-04:00,88.91762635478335,89.16558403699577,88.53081297589743,88.94738006591797,1258100,0.0,0.0
2024-06-28 00:00:00-04:00,89.2350088102632,89.24492923598886,88.04480743641763,88.68949890136719,2647300,0.0,0.0
2024-07-01 00:00:00-04:00,89.0267239720595,89.34410948703555,87.83652261559864,88.08448028564453,1145100,0.0,0.0
2024-07-02 00:00:00-04:00,88.25309974715026,88.54072399351514,88.00514207009464,88.24317932128906,1128200,0.0,0.0
2024-07-03 00:00:00-04:00,88.2233353996497,88.82835271597801,87.82660918381984,87.98529815673828,922400,0.0,0.0
2024-07-05 00:00:00-04:00,88.0745716224536,88.86803166415544,87.75718609235929,88.54072570800781,1551100,0.0,0.0
2024-07-08 00:00:00-04:00,88.55064500296848,88.64982656103082,87.5984884248478,87.69766998291016,1169400,0.0,0.0
2024-07-09 00:00:00-04:00,87.57865081129285,88.50105363310979,87.48938211650156,88.12415313720703,1589200,0.0,0.0
2024-07-10 00:00:00-04:00,88.45146051883387,89.2647613753488,87.92579146813208,89.13582611083984,1188400,0.0,0.0
2024-07-11 00:00:00-04:00,89.43337467567515,90.95087447450857,89.06640215027262,90.71283721923828,1345700,0.0,0.0
2024-07-12 00:00:00-04:00,91.13932215368311,91.8038469046623,90.83185705903523,91.43687438964844,1222900,0.0,0.0
2024-07-15 00:00:00-04:00,90.9112085820179,91.10957170171008,89.44329576826469,89.52264404296875,1490200,0.0,0.0
2024-07-16 00:00:00-04:00,90.04830770503422,90.83185484471156,89.56231279406839,90.8021011352539,1526600,0.0,0.0
2024-07-17 00:00:00-04:00,91.21867120126163,93.46021071461057,90.85169111605933,92.99404907226562,2039300,0.0,0.0
2024-07-18 00:00:00-04:00,92.62706721833825,94.30326350019244,92.62706721833825,93.3411865234375,2135700,0.0,0.0
2024-07-19 00:00:00-04:00,93.79742808838397,93.85693550834628,92.82543068228283,93.27175903320312,1809600,0.0,0.0
2024-07-22 00:00:00-04:00,92.3394392077867,93.95612813637673,92.26009093349818,93.86685943603516,1547900,0.0,0.0
2024-07-23 00:00:00-04:00,93.66849353749195,93.66849353749195,92.45845887524104,92.48821258544922,1245700,0.0,0.0
2024-07-24 00:00:00-04:00,93.23208645883489,95.13639960019567,92.94445464575418,95.09672546386719,2179800,0.0,0.0
2024-07-25 00:00:00-04:00,95.66206737231468,97.02087814671123,94.71983124020774,95.13639831542969,1920800,0.0,0.0
2024-07-26 00:00:00-04:00,95.39427492005798,96.22740905744962,95.1760709601504,95.65215301513672,1438800,0.0,0.0
2024-07-29 00:00:00-04:00,95.84059897965128,96.29684019913853,95.21574835521459,96.07864379882812,1320200,0.0,0.0
2024-07-30 00:00:00-04:00,95.99929769024077,97.57630492573784,95.88027527796878,97.35810852050781,1127000,0.0,0.0
2024-07-31 00:00:00-04:00,97.43744695958746,97.43744695958746,96.25717355874349,96.72332763671875,1623400,0.0,0.0
2024-08-01 00:00:00-04:00,97.33826809534965,99.4409519856396,96.58447461512223,99.391357421875,2409300,0.0,0.0
2024-08-02 00:00:00-04:00,102.30733940545302,105.1241349939429,99.24257857201837,100.99812316894531,4425800,0.0,0.0
2024-08-05 00:00:00-04:00,102.00978740161376,102.53545646920051,99.74841458486516,99.87734985351562,2846300,0.0,0.0
2024-08-06 00:00:00-04:00,99.87734564928512,101.33533794793931,99.87734564928512,100.0657958984375,1956400,0.0,0.0
2024-08-07 00:00:00-04:00,100.17489966204172,101.38493431423484,99.3715192248276,100.36334991455078,2139800,0.0,0.0
2024-08-08 00:00:00-04:00,99.80792086287656,100.64106258780542,99.29217222711507,99.67898559570312,1784600,0.0,0.0
2024-08-09 00:00:00-04:00,99.76824516794511,100.30383464694536,98.3995215441007,100.19473266601562,1512900,0.0,0.0
2024-08-12 00:00:00-04:00,99.91702213601917,101.14689764660639,99.67898488790165,101.10722351074219,1238400,0.0,0.0
2024-08-13 00:00:00-04:00,101.18656371698712,101.79158104356762,100.5022056861367,100.7699966430664,1505700,0.0,0.0
2024-08-14 00:00:00-04:00,100.30999755859375,101.48999786376953,99.87999725341797,100.86000061035156,1639200,0.83,0.0
2024-08-15 00:00:00-04:00,99.9000015258789,100.47000122070312,98.63999938964844,99.2300033569336,2757400,0.0,0.0
2024-08-16 00:00:00-04:00,99.5,100.51000213623047,98.9800033569336,100.0999984741211,1684800,0.0,0.0
2024-08-19 00:00:00-04:00,100.30000305175781,100.66999816894531,99.98999786376953,100.41000366210938,1837800,0.0,0.0
2024-08-20 00:00:00-04:00,100.5199966430664,101.16999816894531,100.05999755859375,100.16999816894531,1460700,0.0,0.0
2024-08-21 00:00:00-04:00,100.11000061035156,100.77999877929688,100.01000213623047,100.41999816894531,1922500,0.0,0.0
2024-08-22 00:00:00-04:00,100.31999969482422,100.83999633789062,100.0,100.66999816894531,1845000,0.0,0.0
2024-08-23 00:00:00-04:00,100.83999633789062,101.08999633789062,100.25,100.5999984741211,1620000,0.0,0.0
2024-08-26 00:00:00-04:00,100.93000030517578,101.72000122070312,100.68000030517578,100.9000015258789,1221500,0.0,0.0
2024-08-27 00:00:00-04:00,100.7699966430664,101.25,99.51000213623047,99.58999633789062,927300,0.0,0.0
2024-08-28 00:00:00-04:00,99.77999877929688,101.0999984741211,99.43000030517578,100.38999938964844,1019300,0.0,0.0
2024-08-29 00:00:00-04:00,100.29000091552734,100.86000061035156,99.44999694824219,100.80999755859375,1150900,0.0,0.0
2024-08-30 00:00:00-04:00,101.0,101.83000183105469,100.86000061035156,101.55999755859375,2366500,0.0,0.0
2024-09-03 00:00:00-04:00,101.73999786376953,103.51000213623047,101.55000305175781,103.27999877929688,2122600,0.0,0.0
2024-09-04 00:00:00-04:00,103.55999755859375,104.94000244140625,103.55999755859375,104.4000015258789,1501000,0.0,0.0
2024-09-05 00:00:00-04:00,105.0,105.29000091552734,103.4800033569336,103.79000091552734,1538700,0.0,0.0
2024-09-06 00:00:00-04:00,104.1500015258789,104.37999725341797,103.20999908447266,103.27999877929688,1760600,0.0,0.0
2024-09-09 00:00:00-04:00,103.38999938964844,104.81999969482422,103.3499984741211,104.75,1672900,0.0,0.0
2024-09-10 00:00:00-04:00,104.87999725341797,105.62000274658203,104.37999725341797,104.97000122070312,1271100,0.0,0.0
2024-09-11 00:00:00-04:00,104.52999877929688,104.75,103.02999877929688,103.81999969482422,2685900,0.0,0.0
2024-09-12 00:00:00-04:00,103.70999908447266,104.58000183105469,103.25,103.38999938964844,1528600,0.0,0.0
2024-09-13 00:00:00-04:00,103.58999633789062,104.73999786376953,103.20999908447266,104.55999755859375,1274700,0.0,0.0
2024-09-16 00:00:00-04:00,105.04000091552734,105.81999969482422,104.76000213623047,104.8499984741211,1467900,0.0,0.0
2024-09-17 00:00:00-04:00,104.5199966430664,105.29000091552734,104.0,104.54000091552734,1391000,0.0,0.0
2024-09-18 00:00:00-04:00,104.37999725341797,104.87999725341797,102.55000305175781,103.41000366210938,1347000,0.0,0.0
2024-09-19 00:00:00-04:00,101.48999786376953,102.43000030517578,100.94999694824219,102.12000274658203,1761700,0.0,0.0
2024-09-20 00:00:00-04:00,102.2300033569336,103.56999969482422,101.9800033569336,103.3499984741211,3492600,0.0,0.0
2024-09-23 00:00:00-04:00,103.68000030517578,104.44000244140625,103.29000091552734,104.0199966430664,1053600,0.0,0.0
2024-09-24 00:00:00-04:00,103.20999908447266,104.26000213623047,102.69999694824219,102.81999969482422,1063000,0.0,0.0
2024-09-25 00:00:00-04:00,103.25,103.44000244140625,102.2699966430664,103.16000366210938,1151100,0.0,0.0
2024-09-26 00:00:00-04:00,102.41000366210938,103.9800033569336,102.26000213623047,103.12000274658203,1391600,0.0,0.0
2024-09-27 00:00:00-04:00,103.47000122070312,104.58999633789062,103.41000366210938,104.05000305175781,1366800,0.0,0.0
2024-09-30 00:00:00-04:00,104.43000030517578,104.43000030517578,103.1500015258789,104.12999725341797,1449500,0.0,0.0
2024-10-01 00:00:00-04:00,104.25,105.58999633789062,103.55999755859375,105.1500015258789,1834600,0.0,0.0
2024-10-02 00:00:00-04:00,104.31999969482422,104.87000274658203,103.94999694824219,104.44999694824219,996700,0.0,0.0
2024-10-03 00:00:00-04:00,104.80999755859375,104.80999755859375,103.58000183105469,104.0199966430664,952100,0.0,0.0
2024-10-04 00:00:00-04:00,102.79000091552734,103.33999633789062,102.2699966430664,103.1500015258789,952900,0.0,0.0
2024-10-07 00:00:00-04:00,102.69999694824219,102.69999694824219,100.94000244140625,101.13999938964844,1967300,0.0,0.0
2024-10-08 00:00:00-04:00,101.66999816894531,102.94000244140625,101.26000213623047,102.11000061035156,1328800,0.0,0.0
2024-10-09 00:00:00-04:00,101.95999908447266,102.93000030517578,101.66999816894531,102.37000274658203,1114700,0.0,0.0
2024-10-10 00:00:00-04:00,102.7300033569336,103.16000366210938,101.5,101.58000183105469,1179600,0.0,0.0
2024-10-11 00:00:00-04:00,101.91000366210938,102.3499984741211,101.66999816894531,102.31999969482422,1317200,0.0,0.0
2024-10-14 00:00:00-04:00,101.75,103.13999938964844,101.31999969482422,103.04000091552734,1976000,0.0,0.0
2024-10-15 00:00:00-04:00,104.81999969482422,106.41000366210938,104.58000183105469,105.44999694824219,2748900,0.0,0.0
2024-10-16 00:00:00-04:00,105.75,106.18000030517578,105.20999908447266,106.13999938964844,1869200,0.0,0.0
2024-10-17 00:00:00-04:00,106.44000244140625,106.44999694824219,105.01000213623047,105.66000366210938,1727900,0.0,0.0
2024-10-18 00:00:00-04:00,105.95999908447266,106.7699966430664,105.26000213623047,106.76000213623047,6365300,0.0,0.0
2024-10-21 00:00:00-04:00,106.79000091552734,107.0999984741211,105.94000244140625,106.26000213623047,1405800,0.0,0.0
2024-10-22 00:00:00-04:00,105.62999725341797,105.98999786376953,104.63999938964844,105.69999694824219,1207200,0.0,0.0
2024-10-23 00:00:00-04:00,105.9800033569336,107.45999908447266,105.62999725341797,107.4000015258789,1663200,0.0,0.0
2024-10-24 00:00:00-04:00,107.37999725341797,107.75,106.69000244140625,107.0,1127300,0.0,0.0
2024-10-25 00:00:00-04:00,107.41000366210938,107.41000366210938,104.5,104.5999984741211,1734300,0.0,0.0
2024-10-28 00:00:00-04:00,104.9800033569336,105.37999725341797,104.76000213623047,104.80999755859375,1204600,0.0,0.0
2024-10-29 00:00:00-04:00,104.2699966430664,104.4000015258789,102.80999755859375,102.91000366210938,1452900,0.0,0.0
2024-10-30 00:00:00-04:00,103.13999938964844,103.4000015258789,102.19999694824219,102.72000122070312,1641100,0.0,0.0
2024-10-31 00:00:00-04:00,102.80999755859375,103.77999877929688,101.55999755859375,101.68000030517578,3732300,0.0,0.0
2024-11-01 00:00:00-04:00,102.01000213623047,102.05999755859375,99.56999969482422,100.0,2832700,0.0,0.0
2024-11-04 00:00:00-05:00,99.48999786376953,100.54000091552734,98.19999694824219,99.1500015258789,2088300,0.0,0.0
2024-11-05 00:00:00-05:00,99.01000213623047,99.8499984741211,98.3499984741211,99.81999969482422,2062100,0.0,0.0
2024-11-06 00:00:00-05:00,98.6500015258789,99.80000305175781,98.13999938964844,98.95999908447266,3701800,0.0,0.0
2024-11-07 00:00:00-05:00,99.0199966430664,99.69000244140625,97.23999786376953,97.58000183105469,3061400,0.0,0.0
2024-11-08 00:00:00-05:00,98.13999938964844,98.91000366210938,97.43000030517578,98.12999725341797,2915300,0.0,0.0
2024-11-11 00:00:00-05:00,97.62999725341797,98.97000122070312,97.58999633789062,98.4800033569336,1968400,0.0,0.0
2024-11-12 00:00:00-05:00,98.4800033569336,98.4800033569336,96.83999633789062,97.04000091552734,2682800,0.0,0.0
2024-11-13 00:00:00-05:00,96.79000091552734,96.87999725341797,94.88999938964844,95.41000366210938,2129500,0.0,0.0
2024-11-14 00:00:00-05:00,95.69999694824219,95.87999725341797,95.05999755859375,95.23999786376953,2112600,0.0,0.0
2024-11-15 00:00:00-05:00,95.0,96.48999786376953,95.0,96.44000244140625,2239200,0.0,0.0
2024-11-18 00:00:00-05:00,96.04000091552734,96.94000244140625,95.81999969482422,96.44999694824219,1838700,0.0,0.0
2024-11-19 00:00:00-05:00,96.45999908447266,97.08000183105469,95.31999969482422,96.97000122070312,1861400,0.0,0.0
2024-11-20 00:00:00-05:00,96.5999984741211,97.93000030517578,96.43000030517578,97.87999725341797,2119600,0.0,0.0
2024-11-21 00:00:00-05:00,97.93000030517578,98.70999908447266,97.3499984741211,98.69999694824219,1470600,0.0,0.0
2024-11-22 00:00:00-05:00,98.9000015258789,99.25,98.19999694824219,98.36000061035156,1186000,0.0,0.0
2024-11-25 00:00:00-05:00,98.45999908447266,99.4800033569336,98.18000030517578,99.47000122070312,3996100,0.0,0.0
2024-11-26 00:00:00-05:00,99.72000122070312,101.80999755859375,99.55000305175781,101.69999694824219,2435300,0.0,0.0
2024-11-27 00:00:00-05:00,102.30999755859375,102.6500015258789,101.41999816894531,101.58000183105469,1330400,0.0,0.0
2024-11-29 00:00:00-05:00,101.4000015258789,101.80000305175781,100.4800033569336,100.58999633789062,952300,0.0,0.0
2024-12-02 00:00:00-05:00,100.83999633789062,100.83999633789062,98.19999694824219,98.5,1911600,0.0,0.0
2024-12-03 00:00:00-05:00,99.37999725341797,99.37999725341797,97.5199966430664,97.52999877929688,1536000,0.0,0.0
2024-12-04 00:00:00-05:00,96.5,96.88999938964844,95.9000015258789,96.62000274658203,5090600,0.0,0.0
2024-12-05 00:00:00-05:00,96.69000244140625,97.31999969482422,96.41000366210938,96.5,2615800,0.0,0.0
2024-12-06 00:00:00-05:00,96.5,96.68000030517578,94.31999969482422,94.81999969482422,2813500,0.0,0.0
2024-12-09 00:00:00-05:00,94.63999938964844,95.41999816894531,93.93000030517578,94.77999877929688,2529500,0.0,0.0
2024-12-10 00:00:00-05:00,94.63999938964844,94.98999786376953,93.23999786376953,94.69000244140625,1695400,0.0,0.0
2024-12-11 00:00:00-05:00,94.6500015258789,94.6500015258789,92.4000015258789,92.75,2352400,0.0,0.0
2024-12-12 00:00:00-05:00,93.44000244140625,93.73999786376953,92.41999816894531,92.61000061035156,2300200,0.0,0.0
2024-12-13 00:00:00-05:00,92.5999984741211,93.1500015258789,92.0999984741211,92.69000244140625,1868500,0.0,0.0
2024-12-16 00:00:00-05:00,92.56999969482422,92.87999725341797,91.04000091552734,91.26000213623047,3004500,0.0,0.0
2024-12-17 00:00:00-05:00,90.80999755859375,91.91999816894531,90.43000030517578,90.83999633789062,2172200,0.0,0.0
2024-12-18 00:00:00-05:00,90.69999694824219,90.79000091552734,88.76000213623047,88.87000274658203,2675200,0.0,0.0
