Ticker,1d_return,5d_return,14d_return,21d_return,1mo_return,2mo_return,3mo_return,4mo_return,5mo_return,6mo_return,1y_return
JBL,0.0997,0.0902,0.0797,0.1049,0.1483,0.1664,0.3289,0.3785,0.3013,0.3025,0.1249
CI,0.0532,-0.0076,-0.1526,-0.1652,-0.1288,-0.164,-0.2137,-0.1769,-0.1602,-0.1706,-0.034
CVS,0.0518,-0.0618,-0.2021,-0.2275,-0.1736,-0.2238,-0.198,-0.2048,-0.197,-0.2282,-0.3672
HII,0.042,0.0494,0.0452,0.0182,0.0341,-0.2238,-0.2426,-0.259,-0.2337,-0.1807,-0.1988
NVDA,0.0419,0.0119,-0.0639,0.0038,-0.0306,-0.0155,0.1526,0.0677,0.0998,0.0735,1.7395
TER,0.0366,0.0769,0.1353,0.2277,0.2755,0.054,-0.0073,0.0094,-0.1391,-0.1043,0.2585
UBER,0.035,0.054,-0.1247,-0.1181,-0.0889,-0.2021,-0.1609,-0.1384,-0.0674,-0.1003,0.0168
PLTR,0.0346,0.0118,0.1019,0.1653,0.2564,0.7911,1.0897,1.3813,1.7043,2.2284,3.2877
UNH,0.0339,-0.0356,-0.175,-0.1718,-0.1455,-0.1154,-0.1268,-0.1291,-0.0946,0.0478,-0.0271
EBAY,0.0335,0.0398,0.0483,0.0365,0.0855,0.0263,0.0544,0.1761,0.2422,0.2367,0.5496
CNC,0.033,0.005,-0.0009,-0.0036,0.015,-0.0372,-0.2104,-0.236,-0.0971,-0.1209,-0.1988
HUM,0.0324,-0.1191,-0.1618,-0.1861,-0.1101,-0.0961,-0.2239,-0.3217,-0.371,-0.3172,-0.474
WDC,0.0293,0.0217,-0.0802,-0.0694,0.0303,-0.0074,0.0086,0.0328,-0.0893,-0.1219,0.3061
EXPE,0.0281,0.0148,-0.0137,0.0043,0.0295,0.1636,0.3029,0.3909,0.3812,0.4541,0.2257
FOXA,0.0263,0.0697,0.0877,0.0781,0.1097,0.1858,0.2441,0.2651,0.3686,0.4711,0.7079
IPG,0.0259,0.0012,0.0234,-0.0076,0.0992,-0.0556,-0.0394,-0.0221,0.0299,0.0373,-0.0536
LUV,0.0256,0.0191,-0.0146,0.0399,0.0408,0.0862,0.1628,0.2766,0.224,0.1938,0.1673
SWKS,0.0239,0.0212,0.0587,0.0789,0.115,-0.0503,-0.0584,-0.1183,-0.2039,-0.1139,-0.1437
FOX,0.0233,0.0634,0.0803,0.072,0.1124,0.2203,0.2671,0.2892,0.3911,0.4939,0.7336
FSLR,0.0231,-0.0354,-0.0445,0.0002,-0.0151,-0.0396,-0.199,-0.1253,-0.1255,-0.256,0.1155
BA,0.0231,0.0434,0.1184,0.1615,0.2304,0.1421,0.1451,0.0286,-0.0105,0.0026,-0.3282
ENPH,0.0222,0.0161,0.0261,0.0369,0.2024,-0.1813,-0.3607,-0.3586,-0.2837,-0.2966,-0.4455
UAL,0.0218,0.0206,-0.022,0.0074,0.074,0.309,0.8457,1.3244,1.0142,1.0146,1.2882
APTV,0.0218,0.0198,0.048,0.0648,0.1216,-0.1761,-0.1617,-0.1536,-0.1546,-0.2139,-0.3345
AMAT,0.021,0.027,-0.04,0.0151,0.0211,-0.0646,-0.1138,-0.1528,-0.2184,-0.2581,0.0797
DG,0.0205,0.008,-0.0245,0.017,0.006,-0.0378,-0.0971,-0.3577,-0.3665,-0.3907,-0.3917
MCHP,0.0204,-0.0075,-0.035,-0.1236,-0.0822,-0.2256,-0.2403,-0.2499,-0.3533,-0.3424,-0.3344
TXN,0.0202,0.0017,-0.0241,-0.0365,-0.0737,-0.0266,-0.0694,-0.0462,-0.0556,-0.0056,0.1714
APA,0.02,-0.0608,-0.0329,-0.0466,-0.0441,-0.1381,-0.1449,-0.2345,-0.3065,-0.2219,-0.3833
KLAC,0.0198,0.0216,0.0025,0.0565,0.0767,-0.013,-0.133,-0.1748,-0.1712,-0.1783,0.1655
DVA,0.019,-0.0155,-0.0796,-0.0921,-0.0447,-0.0716,-0.0783,0.0189,0.0744,0.0636,0.4129
AMD,0.0186,0.0034,-0.1156,-0.0653,-0.0834,-0.1835,-0.1875,-0.1858,-0.183,-0.2102,-0.0914
ADI,0.0181,0.005,0.0014,0.0066,0.0427,-0.0426,-0.0636,-0.018,-0.0857,-0.0501,0.1191
PARA,0.018,-0.0148,0.0031,0.0264,0.0419,0.0578,0.0568,0.0152,-0.0375,0.0943,-0.2914
LYB,0.0175,0.0144,-0.0153,-0.0605,-0.0623,-0.1473,-0.1881,-0.1809,-0.1885,-0.1693,-0.1625
KMX,0.0172,-0.0198,0.011,-0.0005,0.0966,0.1319,0.0925,0.0597,0.0465,0.1804,0.1032
PPG,0.0172,-0.0001,-0.0211,0.0058,0.006,-0.0517,-0.0392,0.0094,-0.0272,-0.0289,-0.1568
STLD,0.0169,-0.0146,-0.1471,-0.1616,-0.1429,-0.117,0.0078,0.0438,-0.0528,-0.0523,-0.0083
FI,0.0169,0.0144,-0.0382,-0.0588,-0.0241,0.0523,0.1613,0.2355,0.3088,0.386,0.5473
BBY,0.0166,0.0261,-0.0067,0.0194,0.0099,-0.0651,-0.0871,0.0709,0.0201,0.0038,0.1981
ELV,0.0165,-0.0238,-0.0656,-0.0717,-0.067,-0.1321,-0.3051,-0.3094,-0.2558,-0.2983,-0.1898
SMCI,0.0164,-0.0575,-0.1783,-0.0204,0.5949,-0.2731,-0.2142,-0.4376,-0.5631,-0.6205,0.0874
LKQ,0.0164,-0.0203,-0.0575,-0.0491,-0.0223,-0.0534,-0.0873,-0.0949,-0.169,-0.1,-0.2048
LRCX,0.0163,0.037,0.0136,0.1083,0.124,0.089,0.0053,-0.0519,-0.1628,-0.2212,0.0516
DIS,0.0163,0.0179,-0.0139,-0.019,0.0161,0.1859,0.2346,0.2856,0.2256,0.1333,0.2339
MLM,0.0162,0.0049,-0.0495,-0.0692,-0.0469,-0.0459,0.0103,0.035,-0.0221,0.0203,0.1294
MU,0.0161,0.0766,0.0693,0.1237,0.1317,-0.0072,0.2378,0.023,-0.0417,-0.2076,0.3487
QCOM,0.0155,0.0115,-0.0131,0.0307,-0.0201,-0.0569,-0.0731,-0.0586,-0.1689,-0.2376,0.1417
NUE,0.0149,-0.0197,-0.1777,-0.2067,-0.1662,-0.2241,-0.173,-0.1407,-0.2456,-0.2153,-0.3007
DOW,0.0147,0.0075,-0.0393,-0.0632,-0.0543,-0.2126,-0.2093,-0.1963,-0.2214,-0.2152,-0.2091
TGT,0.0144,-0.0077,0.0263,0.0261,-0.1412,-0.1427,-0.1408,-0.0611,-0.1027,-0.0727,-0.0153
CE,0.014,0.0115,-0.0216,-0.0486,-0.0497,-0.487,-0.4638,-0.4572,-0.4983,-0.4883,-0.5345
MOH,0.0139,-0.0237,-0.0466,-0.0025,0.0125,0.0212,-0.1545,-0.1511,0.0216,-0.0378,-0.1765
VMC,0.0134,0.002,-0.0327,-0.0352,-0.0087,0.0575,0.0911,0.127,0.0641,0.119,0.2385
MCK,0.0134,-0.0103,-0.0681,-0.0885,-0.0725,0.1213,0.1236,0.0422,-0.0194,-0.0521,0.2789
PKG,0.0129,-0.0107,-0.0346,-0.0465,-0.0108,0.0701,0.0922,0.2044,0.225,0.2925,0.4608
MPWR,0.0127,0.0457,0.0939,0.1356,0.0823,-0.3057,-0.3008,-0.2958,-0.257,-0.2277,0.0079
ON,0.0125,0.0398,0.0396,-0.0251,0.0317,0.0014,-0.065,-0.0954,-0.1131,0.0009,-0.1906
AES,0.0124,-0.024,-0.0298,0.0031,-0.0517,-0.2462,-0.3033,-0.2423,-0.241,-0.2801,-0.2993
CSGP,0.012,-0.0141,-0.072,-0.0971,0.009,-0.0661,-0.0666,-0.0111,-0.0199,0.0009,-0.1592
OMC,0.0119,-0.0032,-0.1282,-0.1372,-0.0844,-0.1383,-0.1276,-0.0585,-0.0121,0.0019,0.0705
NKE,0.0115,0.0214,0.0068,0.0123,0.0589,-0.0436,-0.0207,-0.0467,0.0641,-0.1803,-0.3456
TEL,0.0114,-0.003,-0.0233,-0.01,0.0086,0.0045,0.0017,0.0014,-0.0174,-0.0113,0.074
FDX,0.0114,-0.01,-0.0051,-0.0706,-0.0448,0.0276,-0.0613,-0.0176,-0.0783,0.1232,0.0227
GM,0.0114,-0.0151,-0.0283,-0.0657,-0.0782,0.0543,0.0665,0.1305,0.0489,0.0893,0.4573
NXPI,0.0113,0.0214,-0.0097,-0.0222,0.0059,-0.0512,-0.0722,-0.1242,-0.2161,-0.1792,-0.0225
ULTA,0.011,0.0097,0.071,0.1411,0.2119,0.1607,0.0618,0.1603,0.0933,0.1156,-0.1251
NWS,0.0108,0.0005,-0.0318,-0.0086,-0.0001,0.1271,0.1279,0.107,0.102,0.1188,0.2747
ZBRA,0.0107,-0.0109,-0.0309,-0.0161,0.0389,0.0633,0.0974,0.1576,0.2224,0.3307,0.4817
MSI,0.0105,-0.0068,-0.0606,-0.0658,-0.0462,-0.0158,0.0658,0.0993,0.1832,0.2142,0.5059
TTWO,0.0103,0.0127,-0.0019,0.0123,0.0268,0.2098,0.2224,0.2134,0.2485,0.1872,0.1784
SNPS,0.0101,0.0173,-0.1206,-0.056,-0.0132,0.0198,0.0057,-0.0718,-0.1202,-0.1461,-0.0744
GD,0.0096,0.0177,-0.0357,-0.0515,-0.0638,-0.132,-0.1171,-0.0904,-0.0761,-0.0934,0.0759
DAL,0.0093,-0.0024,-0.0449,-0.0353,-0.0295,0.0999,0.3061,0.5343,0.4093,0.2509,0.5075
OXY,0.0093,-0.0135,-0.0346,-0.0618,-0.0727,-0.0862,-0.0927,-0.156,-0.2255,-0.2218,-0.208
CFG,0.0092,-0.012,-0.0311,-0.0625,-0.0305,0.0738,0.0804,0.1066,0.1123,0.3245,0.4065
META,0.0091,0.0085,0.0193,0.0991,0.1284,0.0852,0.119,0.1889,0.2848,0.2656,0.791
CME,0.0089,0.0038,-0.0155,0.008,0.0513,0.0478,0.114,0.1523,0.2032,0.2366,0.1704
CNP,0.0087,0.0014,-0.0098,-0.0207,0.0337,0.0694,0.1394,0.2475,0.1205,0.0468,0.136
BDX,0.0086,0.009,0.0327,0.0301,0.0204,-0.0619,-0.0254,-0.0219,-0.0064,-0.0364,-0.0381
NWSA,0.0085,-0.0042,-0.0391,-0.0193,-0.0042,0.082,0.0735,0.0441,0.0313,0.0651,0.2092
VTRS,0.0083,0.0051,-0.0265,-0.0397,-0.0145,0.0894,0.0766,0.1101,0.1091,0.2363,0.2721
REG,0.0077,0.019,0.0329,0.0117,0.0411,0.0583,0.0647,0.1002,0.1598,0.2471,0.1934
F,0.007,-0.0337,-0.0652,-0.0955,-0.1044,-0.0832,-0.0681,-0.0472,-0.2681,-0.1271,-0.1063
ORCL,0.007,-0.0144,-0.0919,-0.0646,-0.0799,-0.0217,0.022,0.2307,0.2219,0.2139,0.6281
CCL,0.0068,-0.0002,-0.033,0.03,0.0565,0.2146,0.3803,0.6903,0.4058,0.6114,0.384
TJX,0.0067,-0.0078,-0.0129,-0.0196,0.0352,0.0524,0.0473,0.0933,0.098,0.1198,0.3717
SPGI,0.0067,-0.0037,-0.0315,-0.0363,0.0035,-0.0382,-0.0372,0.0157,0.0376,0.1513,0.1629
ICE,0.0067,-0.0085,-0.0118,-0.043,-0.0218,-0.0754,-0.029,-0.0194,0.0365,0.1222,0.2581
ZBH,0.0066,0.019,-0.0167,-0.029,-0.0376,0.0231,0.0251,-0.0235,-0.0119,0.0129,-0.0858
CAT,0.0066,-0.0059,-0.0532,-0.063,-0.0161,-0.0361,0.0169,0.1058,0.0913,0.1627,0.3119
GEV,0.0065,-0.0046,-0.0386,-0.0144,0.0157,0.2118,0.352,0.7961,0.9818,0.8807,0.0
GPN,0.0065,0.0109,-0.0098,-0.0308,-0.0031,0.1309,0.0242,0.0673,0.1556,0.2203,-0.0929
CDNS,0.0063,0.0214,-0.0346,0.0284,0.0645,0.212,0.1176,0.1136,0.0914,-0.0159,0.1421
CRL,0.0062,0.0003,-0.0443,-0.0455,0.0161,-0.0367,-0.0912,-0.0592,-0.163,-0.0997,-0.1916
NI,0.0062,-0.0031,-0.0219,-0.0475,-0.0102,0.0447,0.0852,0.1419,0.2021,0.3074,0.4227
KEYS,0.006,0.0048,-0.0288,-0.0078,0.1049,0.046,0.0767,0.2073,0.1928,0.2212,0.0509
CRM,0.0058,-0.0037,-0.0404,0.0697,0.0955,0.2051,0.3272,0.3503,0.3916,0.445,0.3414
IQV,0.0056,-0.0067,-0.0268,-0.0183,0.035,-0.1646,-0.1917,-0.1993,-0.1937,-0.0856,-0.136
CAH,0.0056,-0.0138,-0.07,-0.0502,-0.0297,0.0361,0.0564,0.0746,0.2262,0.1241,0.1738
CTAS,0.0055,-0.008,-0.063,-0.0649,-0.0309,-0.021,0.0284,0.0819,0.0877,0.1853,0.5141
MA,0.0055,0.0094,0.0246,0.0029,0.0236,0.0341,0.0845,0.1397,0.1936,0.1772,0.2622
BEN,0.0054,-0.0234,-0.0536,-0.054,-0.0158,0.0226,0.0436,-0.0371,-0.0748,-0.0327,-0.2404
DLTR,0.0054,0.0057,-0.0452,-0.0141,0.0595,0.0336,-0.0459,-0.2893,-0.3425,-0.3404,-0.4724
TRMB,0.0054,-0.0042,-0.0266,0.0117,0.0487,0.1863,0.2173,0.3065,0.2789,0.3053,0.3974
BLK,0.0053,-0.0017,0.0241,0.0397,0.0095,0.0526,0.1338,0.2384,0.2645,0.3538,0.3476
PNC,0.0052,-0.0108,-0.0413,-0.0729,-0.0363,0.0525,0.0737,0.1579,0.1346,0.3246,0.3396
WAT,0.0052,-0.0069,-0.0401,-0.0282,0.0568,0.0781,0.1099,0.1175,0.2228,0.2942,0.1419
SRE,0.0052,-0.0196,-0.0381,-0.0665,-0.0528,0.0239,0.0747,0.098,0.137,0.1878,0.2025
V,0.0052,0.0166,0.0325,0.0167,0.025,0.101,0.1217,0.1937,0.1976,0.1649,0.2377
ROK,0.0051,-0.0075,0.0039,0.0001,0.0419,0.0862,0.1048,0.1165,0.08,0.1519,-0.0321
EG,0.0049,-0.0166,-0.058,-0.0828,-0.0443,-0.0714,-0.0811,-0.0492,-0.0773,-0.0491,-0.0078
IVZ,0.0048,-0.0086,-0.0119,-0.0086,0.0238,-0.04,0.0308,0.0748,0.098,0.1998,0.0561
BKR,0.0048,-0.0128,-0.0223,-0.0459,-0.0339,0.1495,0.1508,0.2231,0.1805,0.2784,0.2529
INVH,0.0048,-0.0156,-0.0408,-0.0594,-0.0467,-0.0461,-0.0895,-0.0803,-0.0961,-0.0661,-0.0273
LEN,0.0045,-0.0145,-0.0911,-0.1261,-0.0939,-0.1947,-0.2072,-0.1232,-0.1156,0.0102,0.0367
DHI,0.0045,-0.0167,-0.0866,-0.1302,-0.0872,-0.2425,-0.2522,-0.1795,-0.1668,0.0367,-0.0134
STX,0.0044,-0.0088,-0.0279,-0.0509,-0.0217,-0.1535,-0.0823,-0.0773,-0.1001,-0.0731,0.1655
AJG,0.0043,-0.0016,-0.0734,-0.0966,-0.0303,-0.0157,0.0089,-0.0103,0.0498,0.0782,0.2764
ROST,0.0042,-0.0133,-0.0171,-0.0197,0.0746,0.013,-0.0168,0.0306,0.0503,0.0196,0.126
MNST,0.0042,-0.0112,-0.0294,-0.0539,-0.0206,-0.0348,0.0066,0.1169,0.0359,0.0627,-0.0614
MGM,0.0041,-0.0203,-0.0534,-0.0496,-0.044,-0.1378,-0.0592,-0.0986,-0.1886,-0.1544,-0.2111
J,0.004,-0.0131,-0.0228,-0.0426,-0.0367,-0.0585,0.085,0.0997,0.0873,0.1527,0.2679
AMP,0.0038,-0.0106,-0.0312,-0.049,-0.0374,0.0427,0.1763,0.2568,0.3036,0.2419,0.4448
MAA,0.0038,-0.0035,-0.0208,-0.0516,-0.0117,0.0135,-0.0384,0.0332,0.0907,0.1341,0.2129
GNRC,0.0037,-0.0091,-0.0923,-0.1296,-0.0892,-0.0093,0.1596,0.0898,0.0372,0.2096,0.2551
CEG,0.0035,-0.0168,-0.0753,-0.0724,0.0207,-0.13,0.1273,0.2324,0.2367,0.0796,0.9561
KR,0.0034,-0.011,0.0245,0.0145,0.0572,0.0858,0.1195,0.1795,0.1257,0.2299,0.3863
INTC,0.0034,0.0084,-0.066,-0.1328,-0.1743,-0.0993,-0.0298,-0.0229,-0.3815,-0.3361,-0.5546
JKHY,0.0034,-0.0085,0.0343,0.028,0.0393,-0.0392,0.0184,0.0836,0.0619,0.0759,0.0926
NEE,0.0033,-0.0151,-0.0426,-0.0765,-0.0444,-0.1349,-0.1129,-0.0698,0.0078,0.009,0.212
D,0.0032,-0.0052,-0.0461,-0.0893,-0.0579,-0.0927,-0.0541,-0.0227,0.0622,0.1181,0.1768
HUBB,0.0032,-0.028,-0.0606,-0.0363,-0.0062,-0.032,0.0465,0.1958,0.1695,0.1753,0.3792
AOS,0.0031,-0.0201,-0.0349,-0.0414,-0.0155,-0.094,-0.1535,-0.117,-0.1936,-0.1488,-0.1078
AVB,0.0031,0.0054,-0.0007,-0.0428,-0.0069,0.0022,-0.0051,0.059,0.096,0.1343,0.2422
VLO,0.0031,-0.0299,-0.0656,-0.0958,-0.1235,-0.0789,-0.0898,-0.1064,-0.1473,-0.154,-0.035
TPR,0.0031,0.0127,0.0083,0.0565,0.1381,0.4255,0.503,0.6074,0.5532,0.5588,0.7866
XOM,0.0031,-0.0225,-0.0519,-0.0791,-0.0994,-0.0972,-0.0659,-0.0544,-0.0525,-0.0139,0.0791
URI,0.003,-0.0233,-0.1239,-0.1124,-0.0868,-0.0937,-0.0419,0.062,0.0326,0.1898,0.3342
MTCH,0.003,0.0072,-0.0361,-0.0257,0.0382,-0.1758,-0.1402,-0.1329,-0.0795,0.0214,-0.0866
TFC,0.003,-0.0112,-0.0207,-0.052,-0.0326,0.0483,0.0664,0.0833,0.0588,0.2599,0.298
TSN,0.0029,-0.015,-0.0635,-0.0685,-0.0698,0.0004,-0.0265,-0.0307,0.0165,0.0745,0.1895
BLDR,0.0029,-0.0351,-0.0933,-0.1308,-0.0993,-0.1763,-0.2043,-0.0217,-0.0017,0.1215,-0.0248
SWK,0.0029,-0.0042,-0.0416,-0.0731,-0.0389,-0.2179,-0.2297,-0.1349,-0.0441,-0.0054,-0.1201
TROW,0.0029,-0.011,-0.0288,-0.0379,0.0067,0.0331,0.0805,0.114,0.0424,0.0208,0.1411
NTAP,0.0029,0.0074,-0.048,0.0034,0.0294,-0.0291,0.0274,-0.061,-0.0387,-0.0296,0.3812
NSC,0.0027,-0.0126,-0.0916,-0.1172,-0.0729,-0.0315,-0.0295,0.0152,0.0778,0.093,0.0643
EXPD,0.0027,-0.0192,-0.041,-0.0356,-0.0282,-0.0296,-0.0694,-0.0251,-0.0491,-0.075,-0.0699
EXC,0.0026,-0.0069,-0.0326,-0.0733,-0.0667,-0.0969,-0.0587,-0.0148,0.0307,0.0743,0.0771
RF,0.0026,-0.0173,-0.0618,-0.0861,-0.0542,0.0455,0.0661,0.1526,0.1243,0.3297,0.3338
FRT,0.0026,0.0033,0.0076,-0.0247,0.0186,0.0025,0.0132,0.0253,0.0445,0.1544,0.1445
ETN,0.0024,-0.0227,-0.0784,-0.0647,-0.0277,0.0021,0.0608,0.1778,0.0929,0.0938,0.479
A,0.0024,-0.0159,-0.0243,-0.0098,0.0778,-0.0147,-0.0348,-0.0196,0.0269,0.0301,-0.0148
BRO,0.0024,-0.0073,-0.0694,-0.0863,-0.0578,-0.0265,0.0209,0.0067,0.1132,0.1149,0.4669
HD,0.0022,-0.0183,-0.0434,-0.0417,0.0026,-0.0084,0.0542,0.1273,0.1398,0.1636,0.1912
ARE,0.0022,-0.0012,-0.0228,-0.0722,-0.0255,-0.1581,-0.1519,-0.0972,-0.1763,-0.1007,-0.1743
UDR,0.0021,0.0008,-0.0108,-0.0394,0.0015,-0.0059,-0.0263,0.0674,0.0692,0.1152,0.2343
STE,0.0021,-0.02,-0.0336,-0.0346,-0.0304,-0.0672,-0.121,-0.0955,-0.0777,-0.0327,-0.0324
MHK,0.0021,-0.0223,-0.0477,-0.1017,-0.0976,-0.2241,-0.21,-0.1548,-0.0185,0.1058,0.196
NDAQ,0.002,-0.0044,-0.0102,-0.0366,0.0028,0.068,0.0769,0.1453,0.2735,0.3323,0.4508
KEY,0.002,-0.0163,-0.0488,-0.0764,-0.0625,0.0391,0.0397,0.0954,0.1572,0.3418,0.3079
CL,0.002,0.0026,-0.0119,-0.0318,-0.0099,-0.0675,-0.0771,-0.0865,-0.0388,-0.0272,0.2255
USB,0.002,-0.0186,-0.0371,-0.0636,-0.0105,0.0187,0.0897,0.1577,0.1243,0.2914,0.1861
VTR,0.002,0.0072,-0.0288,-0.0651,-0.0551,-0.0795,-0.023,0.0312,0.1322,0.2159,0.2557
POOL,0.0019,-0.0102,-0.0394,-0.0467,-0.0044,-0.0302,-0.0345,0.038,0.0872,0.0668,-0.0738
HOLX,0.0018,-0.0171,-0.0583,-0.0887,-0.0812,-0.1125,-0.1215,-0.1053,-0.0764,-0.0093,0.0174
IFF,0.0018,-0.0054,-0.0265,-0.0428,0.0037,-0.1681,-0.1547,-0.1085,-0.1108,-0.0908,0.1118
LOW,0.0018,-0.0159,-0.0516,-0.0548,-0.0499,-0.0793,-0.0065,0.079,0.0845,0.1399,0.1673
COF,0.0018,-0.0164,-0.0216,-0.0512,-0.0074,0.1413,0.1859,0.2826,0.2564,0.333,0.3982
C,0.0018,0.0033,-0.0036,0.0155,0.0325,0.1436,0.1405,0.1724,0.1251,0.2097,0.451
GLW,0.0017,-0.0064,-0.0266,-0.0079,0.0302,0.0253,0.0768,0.1825,0.087,0.2026,0.6114
BAC,0.0017,-0.0119,-0.0214,-0.0501,-0.0287,0.0723,0.1103,0.1805,0.0798,0.1566,0.381
MCO,0.0017,-0.0052,-0.0235,-0.0288,0.0326,-0.0023,-0.0057,0.0291,0.0841,0.1572,0.2556
AIG,0.0017,-0.0156,-0.0556,-0.0701,-0.06,-0.0868,-0.0292,-0.0237,-0.0519,-0.0369,0.0804
MAS,0.0016,-0.0262,-0.0455,-0.0463,-0.0049,-0.1019,-0.0752,0.0068,0.0608,0.139,0.1439
JNPR,0.0016,0.0132,0.0406,0.0522,0.0658,-0.0321,-0.0259,-0.0168,0.0246,0.0694,0.3132
L,0.0016,-0.0048,-0.0242,-0.0376,-0.0068,0.0246,0.0579,0.0633,0.0746,0.0959,0.2198
ABNB,0.0014,0.0113,-0.0477,-0.0423,0.0018,-0.0295,0.0286,0.1282,-0.1182,-0.1146,-0.0986
CMI,0.0014,-0.0157,-0.0439,-0.0251,-0.0014,0.0835,0.1759,0.2177,0.2513,0.3205,0.514
KO,0.0013,0.0057,0.0205,-0.0072,0.034,-0.0919,-0.0943,-0.0717,-0.0057,0.026,0.112
AAPL,0.0013,0.0229,0.0444,0.0803,0.1131,0.0812,0.1102,0.1217,0.1358,0.226,0.2951
KMB,0.0013,-0.0002,-0.0315,-0.0483,-0.026,-0.0889,-0.0544,-0.0739,-0.0733,-0.0422,0.127
TT,0.0013,-0.0177,-0.0604,-0.0572,-0.0415,-0.0255,0.0286,0.1311,0.1665,0.177,0.6355
WTW,0.0012,-0.0016,-0.0651,-0.0311,-0.0058,0.0719,0.0797,0.1078,0.1748,0.1923,0.3208
ITW,0.0011,-0.0144,-0.028,-0.0285,-0.007,0.0274,0.0456,0.1082,0.0991,0.1286,0.0604
PHM,0.0011,-0.0185,-0.1011,-0.1487,-0.096,-0.2201,-0.1983,-0.0669,-0.0735,0.0433,0.1347
MCD,0.001,-0.0008,0.0043,0.0104,0.0242,-0.0581,0.0146,0.0499,0.1555,0.1561,0.0441
MTB,0.001,-0.0148,-0.0733,-0.1052,-0.0803,0.0001,0.0984,0.2272,0.1654,0.3499,0.4552
GEHC,0.001,-0.0218,-0.0443,-0.0442,-0.041,-0.1315,-0.1243,-0.0546,-0.0231,0.0027,0.0496
EVRG,0.0009,-0.0057,-0.0276,-0.053,-0.0261,0.0177,0.0185,0.0752,0.1333,0.1942,0.2426
NFLX,0.0009,0.0012,0.0098,0.0486,0.0861,0.2043,0.3062,0.317,0.4208,0.3409,0.8585
HIG,0.0009,-0.0261,-0.0949,-0.1142,-0.0721,-0.1015,-0.0546,-0.0073,0.0782,0.0691,0.371
SYY,0.0008,-0.0234,-0.0284,0.0188,0.0308,0.0338,0.0604,0.0271,0.0679,0.0797,0.0945
MMM,0.0008,-0.0136,-0.0176,-0.0327,-0.0155,-0.0517,-0.0425,0.0089,0.2274,0.2583,0.4846
WFC,0.0007,0.006,-0.0301,-0.0822,-0.0436,0.1073,0.2772,0.2692,0.2143,0.236,0.452
GS,0.0007,-0.0177,-0.0394,-0.0454,-0.0171,0.0936,0.1471,0.169,0.1937,0.2914,0.5402
ANSS,0.0006,0.0089,-0.0503,-0.0136,0.0205,0.0485,0.0651,0.0529,0.0773,0.0551,0.1502
WRB,0.0006,-0.0215,-0.0661,-0.0845,-0.0226,-0.0295,0.0396,0.0427,0.1539,0.123,0.2902
TMO,0.0006,0.0043,0.0013,0.0152,0.0564,-0.1199,-0.1462,-0.1377,-0.0302,-0.0614,0.0047
SHW,0.0006,-0.0041,-0.0741,-0.0786,-0.0329,-0.0653,-0.0441,0.0216,0.1284,0.2074,0.1893
CHRW,0.0005,-0.022,0.0181,0.041,-0.0038,-0.0051,0.0572,0.1115,0.2223,0.2702,0.3159
DFS,0.0004,-0.0117,-0.0142,-0.0472,0.0083,0.1747,0.2135,0.298,0.2557,0.3828,0.6296
VST,0.0003,-0.0351,-0.1333,-0.0952,-0.0465,0.0659,0.5111,0.7597,0.7701,0.6134,2.7379
COP,0.0002,-0.0271,-0.0505,-0.0848,-0.1361,-0.0634,-0.1048,-0.0991,-0.1125,-0.1047,-0.1327
RL,0.0002,0.0023,-0.021,0.0238,0.0969,0.1054,0.239,0.373,0.361,0.2595,0.5856
JCI,0.0001,-0.0093,-0.023,-0.0221,-0.0214,0.0571,0.1082,0.1702,0.1718,0.2133,0.5371
WST,0.0001,0.0129,0.0412,0.034,0.0882,0.1397,0.0743,0.1176,0.0519,0.0053,-0.0654
AME,0.0001,-0.0035,-0.0411,-0.0415,-0.0323,0.1039,0.0856,0.1362,0.0829,0.1105,0.15
ACGL,0.0,-0.0309,-0.0807,-0.1014,-0.0665,-0.1228,-0.1455,-0.0739,-0.0141,-0.0656,0.2723
ROP,0.0,-0.0127,-0.0681,-0.0489,-0.023,-0.0374,-0.0417,-0.0182,-0.0677,-0.0414,-0.0034
NRG,0.0,-0.0375,-0.0942,-0.0755,-0.0194,0.0638,0.1223,0.121,0.2015,0.1539,0.8696
CTLT,0.0,0.0068,0.0288,0.0449,0.08,0.0529,0.0524,0.0685,0.0962,0.158,0.5154
GOOGL,0.0,0.0295,0.122,0.1561,0.1161,0.1972,0.2067,0.1718,0.0784,0.0906,0.4353
GE,0.0,-0.0012,-0.0922,-0.0819,-0.066,-0.1392,-0.108,-0.0232,0.0202,0.0127,0.6588
MSCI,-0.0001,-0.0219,-0.0073,0.0107,0.0308,0.0056,0.101,0.086,0.2117,0.2608,0.1371
SLB,-0.0001,-0.0322,-0.0893,-0.1028,-0.0993,-0.0656,-0.0837,-0.1045,-0.2025,-0.1365,-0.2468
COR,-0.0001,-0.0199,-0.0835,-0.0884,-0.0628,-0.0413,0.0047,-0.0453,0.0151,-0.0362,0.1349
NVR,-0.0002,-0.0141,-0.0645,-0.0791,-0.045,-0.1469,-0.1235,-0.0362,-0.0202,0.1101,0.2205
ODFL,-0.0002,-0.0087,-0.0573,-0.1113,-0.0692,-0.0018,-0.0261,0.0035,0.0212,0.1404,-0.0028
XYL,-0.0002,0.0012,-0.0533,-0.0387,-0.0112,-0.0985,-0.1116,-0.095,-0.1287,-0.1245,0.0941
ESS,-0.0002,-0.0192,-0.0244,-0.0601,-0.0281,-0.0083,-0.051,0.0326,0.022,0.0753,0.241
PFG,-0.0003,-0.0177,-0.0863,-0.1044,-0.0918,-0.1359,-0.087,0.0219,-0.0758,-0.0142,0.0097
FTV,-0.0003,-0.015,-0.0396,-0.0455,0.0158,-0.0217,-0.0195,0.0775,-0.0098,0.0308,0.0444
RSG,-0.0003,-0.0164,-0.0464,-0.0583,-0.0169,0.0037,0.0261,0.0041,0.0052,0.0775,0.2775
HLT,-0.0003,-0.0102,-0.015,-0.0009,0.0046,0.0477,0.1093,0.1787,0.1372,0.1597,0.395
AEP,-0.0003,-0.0088,-0.0453,-0.0801,-0.0477,-0.0785,-0.088,-0.0497,-0.0077,0.0755,0.1644
PLD,-0.0004,-0.0122,-0.0458,-0.0681,-0.0425,-0.1039,-0.1457,-0.1092,-0.1268,0.0109,-0.1598
K,-0.0004,0.0,0.0009,-0.0003,0.0066,0.001,0.0059,0.0175,0.4183,0.4215,0.553
ABT,-0.0005,-0.0013,-0.0236,-0.0481,-0.0352,-0.0516,-0.0034,0.027,0.0968,0.0818,0.0652
GOOG,-0.0005,0.0295,0.1201,0.1547,0.1156,0.195,0.2083,0.1689,0.0772,0.0956,0.4318
ADBE,-0.0006,-0.023,-0.1519,-0.1143,-0.0892,-0.0807,-0.1358,-0.1908,-0.18,-0.1471,-0.2475
QRVO,-0.0006,0.019,0.0118,0.0367,0.0692,-0.3214,-0.3127,-0.3625,-0.4349,-0.3754,-0.364
TMUS,-0.0007,-0.0491,-0.0926,-0.1041,-0.0661,-0.0083,0.1088,0.1318,0.2516,0.2566,0.4359
HAL,-0.0007,-0.0526,-0.1121,-0.1431,-0.1029,-0.0358,-0.075,-0.1161,-0.1772,-0.1833,-0.2465
STT,-0.0008,-0.0183,0.0128,-0.0017,0.026,0.0786,0.1138,0.2369,0.1842,0.39,0.3159
MMC,-0.0008,-0.0096,-0.0729,-0.0868,-0.0477,-0.0519,-0.0482,-0.0462,-0.0203,0.0009,0.151
DHR,-0.0008,-0.0066,-0.0124,-0.023,0.0142,-0.1496,-0.1551,-0.1402,-0.0691,-0.0829,0.0226
IT,-0.0009,-0.0226,-0.0489,-0.0429,-0.0456,-0.0642,-0.032,0.0271,0.0536,0.0992,0.1032
OTIS,-0.0009,-0.0157,-0.0483,-0.0612,-0.0449,-0.0921,-0.0013,0.0377,-0.0283,0.0077,0.0845
LYV,-0.0009,0.0131,0.0073,-0.0143,0.0387,0.1983,0.3203,0.4222,0.4487,0.4816,0.4512
LH,-0.0009,-0.0055,-0.028,-0.0471,-0.0302,0.0726,0.0304,0.0287,0.0831,0.1311,0.0434
ANET,-0.0009,0.0042,0.0703,0.122,0.2184,0.1228,0.19,0.2758,0.3189,0.338,0.907
CMS,-0.0009,-0.0051,-0.0077,-0.0498,-0.0222,-0.0605,-0.0325,0.0037,0.0987,0.1336,0.1835
BK,-0.001,-0.0058,-0.0227,-0.0412,-0.0036,0.0285,0.0995,0.2068,0.2465,0.3507,0.5596
CPAY,-0.0011,-0.015,-0.052,-0.076,-0.0353,-0.0051,0.1245,0.2164,0.2113,0.3165,0.2624
MET,-0.0012,-0.0222,-0.0495,-0.0804,-0.0266,-0.0422,0.0077,0.1237,0.0949,0.1559,0.2602
CMCSA,-0.0012,-0.0292,-0.0892,-0.0894,-0.0987,-0.0757,-0.0304,-0.0246,-0.0123,0.023,-0.1069
PH,-0.0012,-0.0099,-0.0449,-0.0496,-0.0383,0.0411,0.0651,0.1483,0.211,0.3262,0.4612
CB,-0.0012,0.001,-0.029,-0.0482,-0.0428,-0.0839,-0.0489,0.0191,0.0581,0.0477,0.2584
CSCO,-0.0013,-0.003,-0.0197,-0.0143,0.0198,0.0297,0.1449,0.1722,0.2578,0.256,0.2026
PWR,-0.0013,-0.0048,0.007,-0.0231,0.0231,0.0691,0.16,0.2594,0.2554,0.227,0.5454
EQR,-0.0013,-0.0083,-0.0151,-0.062,-0.0234,-0.0391,-0.0486,0.0185,0.032,0.0838,0.2302
MRK,-0.0013,-0.0125,-0.0063,-0.0232,0.0432,-0.0733,-0.1407,-0.1193,-0.1932,-0.2243,-0.036
BIIB,-0.0013,0.0028,-0.0651,-0.0587,-0.0474,-0.2088,-0.2531,-0.2678,-0.3361,-0.3283,-0.4022
ABBV,-0.0014,0.0102,-0.0075,-0.0434,0.0532,-0.0727,-0.0883,-0.1,0.0168,0.0455,0.1818
MPC,-0.0015,-0.0534,-0.0839,-0.1132,-0.1335,-0.1246,-0.167,-0.1886,-0.1607,-0.1936,-0.0857
AXP,-0.0015,-0.0041,-0.0056,-0.011,0.0538,0.0871,0.1226,0.1921,0.2326,0.3134,0.6393
COO,-0.0015,-0.0053,-0.1012,-0.0878,-0.0516,-0.1285,-0.1508,-0.016,0.0315,0.031,0.0329
GDDY,-0.0016,0.0017,-0.0049,0.0469,0.1195,0.2576,0.2934,0.2708,0.4073,0.5046,0.9284
DD,-0.0016,-0.0104,-0.0305,-0.0421,-0.0186,-0.0555,-0.0339,0.0186,0.0051,0.0113,0.1003
SOLV,-0.0017,-0.0155,-0.0253,-0.0551,0.0203,-0.0705,-0.0533,0.152,0.2652,0.3082,0.0
FANG,-0.0017,-0.0213,-0.0651,-0.0927,-0.1212,-0.1311,-0.1199,-0.1575,-0.2096,-0.1524,0.0573
CTRA,-0.0018,-0.0338,-0.0451,-0.0826,-0.063,0.0292,0.0384,0.0172,-0.0759,-0.0724,-0.0228
WMT,-0.0018,0.0106,0.0107,0.039,0.1354,0.174,0.2232,0.2807,0.3602,0.4097,0.8593
GWW,-0.0018,-0.0213,-0.0623,-0.0726,-0.0459,-0.006,0.0875,0.164,0.1796,0.2268,0.3577
ZTS,-0.0018,-0.0432,-0.0276,-0.0354,-0.0337,-0.1159,-0.1157,-0.0693,-0.0547,0.0011,-0.1308
FFIV,-0.0018,-0.0095,0.0205,0.037,0.0806,0.1924,0.1925,0.3073,0.4788,0.5291,0.4493
GPC,-0.0019,-0.0243,-0.0529,-0.0602,-0.04,-0.1672,-0.1431,-0.1392,-0.132,-0.1508,-0.1239
PG,-0.0019,-0.0061,-0.0291,-0.0521,-0.0043,-0.0074,-0.0031,0.0035,0.0164,0.0225,0.1921
NCLH,-0.0019,-0.0172,-0.0484,-0.0215,0.0092,0.1063,0.3033,0.6545,0.335,0.5234,0.2731
ALLE,-0.002,-0.0177,-0.0333,-0.0356,-0.0164,-0.1108,-0.0481,0.0349,0.0802,0.1772,0.1536
GL,-0.002,0.0014,-0.0045,-0.0549,-0.0381,-0.0378,-0.0134,0.0878,0.1892,0.2776,-0.1373
VZ,-0.002,-0.0374,-0.0428,-0.0829,-0.0367,-0.0748,-0.0593,0.0119,0.0574,0.044,0.1555
PCG,-0.002,-0.0041,-0.0414,-0.0906,-0.0651,-0.0348,0.0041,0.0564,0.0784,0.115,0.1189
WMB,-0.0021,-0.0157,-0.0401,-0.0705,-0.066,0.0321,0.2038,0.2323,0.2199,0.2985,0.5961
AVY,-0.0022,-0.021,-0.0652,-0.0648,-0.0325,-0.1172,-0.1108,-0.0928,-0.1407,-0.1512,-0.0318
WYNN,-0.0022,-0.0293,-0.032,0.001,0.0144,-0.0772,0.1444,0.2071,0.102,0.0243,0.0087
CSX,-0.0023,-0.0116,-0.0693,-0.0989,-0.0574,-0.0339,-0.0528,-0.0149,-0.0414,-0.0099,-0.0369
WELL,-0.0024,-0.0015,-0.035,-0.0745,-0.059,-0.0251,0.0282,0.1073,0.1936,0.2672,0.4543
LIN,-0.0024,-0.0141,-0.0659,-0.0583,-0.0403,-0.1151,-0.0825,-0.0575,-0.0322,-0.0249,0.0542
CPRT,-0.0025,-0.0116,-0.0389,-0.0471,0.0687,0.1232,0.1683,0.1643,0.1521,0.1158,0.2463
KIM,-0.0025,-0.015,-0.0323,-0.0504,-0.0246,-0.0056,0.0534,0.0999,0.1521,0.3033,0.1474
TAP,-0.0025,-0.0323,-0.0362,-0.0281,-0.0379,0.063,0.076,0.117,0.143,0.178,-0.0222
ORLY,-0.0025,-0.0218,0.0,-0.0009,0.0216,0.0264,0.1141,0.1033,0.1758,0.149,0.289
HWM,-0.0026,-0.0158,-0.0704,-0.0434,-0.0135,0.0586,0.1467,0.1683,0.3934,0.3953,1.0873
VRSN,-0.0027,-0.0137,0.0411,0.016,0.0864,0.0371,0.0673,0.0887,0.0971,0.0716,-0.0509
CTVA,-0.0027,-0.0182,-0.0451,-0.0629,0.0277,-0.0141,-0.0005,0.096,0.0726,0.1101,0.2346
CHD,-0.0027,-0.0012,-0.0399,-0.0439,-0.0433,0.0112,0.0387,0.0382,0.0514,-0.0287,0.1475
PFE,-0.0028,0.0303,0.0446,0.0203,0.0601,-0.084,-0.0976,-0.0739,-0.083,-0.0216,-0.0069
RJF,-0.0028,-0.0189,-0.0501,-0.0744,-0.0365,0.1367,0.2733,0.3673,0.4369,0.3142,0.4059
PRU,-0.0029,-0.0161,-0.0584,-0.0847,-0.0654,-0.06,-0.0167,0.0574,-0.028,0.0288,0.1875
FE,-0.0029,-0.0135,-0.0377,-0.0679,-0.0471,-0.0807,-0.0716,-0.0707,0.0187,0.0594,0.1229
AFL,-0.0029,-0.0198,-0.0424,-0.1021,-0.0815,-0.1012,-0.046,-0.0133,0.0942,0.1532,0.2748
BWA,-0.003,-0.0267,-0.0477,-0.0301,-0.033,-0.0555,-0.0253,0.026,0.0216,0.0068,-0.0504
BAX,-0.003,-0.0254,-0.1051,-0.1083,-0.1005,-0.1942,-0.2337,-0.1737,-0.1536,-0.1272,-0.2142
ACN,-0.003,-0.0068,-0.0106,-0.0164,0.0098,-0.0547,0.0669,0.0827,0.0789,0.1627,0.0599
UPS,-0.0031,-0.0142,-0.0144,-0.0645,-0.0607,-0.0547,-0.0275,-0.003,-0.1037,-0.0474,-0.1768
CZR,-0.0031,-0.0268,-0.0675,-0.0583,-0.0142,-0.2028,-0.1337,-0.0077,-0.0113,-0.0802,-0.2673
UNP,-0.0032,-0.0248,-0.0193,-0.0602,-0.0168,-0.0558,-0.0723,-0.06,-0.0476,0.0247,-0.0347
VLTO,-0.0032,-0.0105,-0.0408,-0.0448,0.0028,-0.0922,-0.0572,-0.0565,0.037,0.0449,0.2407
KKR,-0.0032,-0.0233,-0.0435,-0.058,-0.0112,0.0796,0.1366,0.2722,0.2826,0.3892,0.7912
DLR,-0.0032,-0.0034,-0.0274,-0.0495,0.0127,0.1224,0.1681,0.2544,0.2024,0.2608,0.4136
TDY,-0.0033,-0.0125,-0.0204,-0.0341,0.0069,0.0423,0.0744,0.1291,0.1794,0.2072,0.0939
JPM,-0.0033,-0.0098,-0.0239,-0.0489,-0.0304,0.0542,0.1357,0.1143,0.1368,0.2245,0.4441
CCI,-0.0033,-0.0262,-0.0711,-0.0994,-0.0812,-0.1449,-0.1656,-0.1146,-0.0632,0.009,-0.1197
WEC,-0.0034,-0.0142,-0.0403,-0.073,-0.0493,-0.0547,0.0065,0.0421,0.1615,0.2179,0.168
MTD,-0.0035,-0.027,-0.0161,-0.0007,0.0578,-0.0957,-0.139,-0.1317,-0.0948,-0.151,0.0339
VICI,-0.0035,-0.0244,-0.0441,-0.0684,-0.0477,-0.085,-0.0744,-0.0383,0.011,0.0949,0.0094
TYL,-0.0035,-0.0096,-0.047,-0.0391,0.0077,0.0295,0.044,0.0506,0.145,0.2385,0.4612
ROL,-0.0035,-0.0148,-0.0324,-0.0608,-0.04,-0.0417,-0.0409,-0.0293,-0.0483,-0.0233,0.1414
TDG,-0.0035,0.0084,-0.0291,0.0163,0.0139,-0.0912,-0.0354,0.023,0.0675,0.0148,0.3428
KDP,-0.0035,-0.0186,0.0094,0.0106,0.0539,-0.1087,-0.1166,-0.0728,0.0091,-0.0303,0.0386
EPAM,-0.0036,0.0098,0.0212,0.0051,0.0584,0.2255,0.2473,0.2368,0.1647,0.3369,-0.1637
SNA,-0.0036,-0.0212,-0.0421,-0.0586,-0.0215,0.0723,0.2222,0.2699,0.2814,0.3197,0.2368
PCAR,-0.0036,-0.0155,-0.0604,-0.0424,-0.0056,0.0106,0.1179,0.1627,0.0234,0.0533,0.1597
AKAM,-0.0037,-0.0226,-0.0133,0.0334,0.1284,-0.0907,-0.0246,-0.0463,0.0069,0.0908,-0.1929
FITB,-0.0038,-0.0147,-0.0423,-0.0681,-0.0414,0.0047,0.0374,0.1139,0.1079,0.2678,0.3277
MDT,-0.0039,-0.0173,-0.05,-0.0605,-0.0747,-0.1213,-0.087,-0.0432,0.0301,0.0095,0.0125
PNR,-0.0039,-0.0194,-0.0338,-0.0356,-0.0075,0.061,0.1056,0.2515,0.3167,0.3292,0.4911
PODD,-0.0039,-0.0261,-0.0256,-0.0173,0.0063,0.1087,0.1036,0.4376,0.3505,0.2852,0.2223
AZO,-0.004,-0.0191,0.0363,0.0363,0.0439,0.0389,0.0874,0.0374,0.1177,0.1055,0.2478
AIZ,-0.004,-0.0256,-0.0506,-0.0618,-0.0387,0.0786,0.0979,0.1265,0.2621,0.2671,0.288
LNT,-0.004,-0.0185,-0.0396,-0.067,-0.0401,-0.0379,0.0011,0.0396,0.0969,0.1841,0.2007
BALL,-0.0041,-0.0124,-0.0581,-0.0783,-0.0519,-0.142,-0.1402,-0.0854,-0.0559,-0.0458,0.0147
O,-0.0041,-0.0189,-0.0334,-0.0648,-0.0392,-0.1533,-0.0936,-0.0877,-0.0357,0.0495,0.0048
CHTR,-0.0041,-0.027,-0.0811,-0.0521,-0.0403,0.1348,0.1152,0.0639,0.1807,0.2726,-0.0436
CPT,-0.0042,-0.0173,-0.0332,-0.0704,-0.015,-0.0219,-0.0598,-0.0064,0.0495,0.0958,0.234
AON,-0.0043,-0.0107,-0.0646,-0.0915,-0.0609,0.0001,0.0317,0.0631,0.1992,0.2059,0.1511
BMY,-0.0043,0.029,-0.0166,-0.0316,0.0106,0.0785,0.1841,0.185,0.3603,0.4053,0.1572
AXON,-0.0044,-0.0185,-0.0792,-0.0032,0.0549,0.4449,0.624,0.6967,0.9982,1.174,1.4733
HPE,-0.0044,-0.0176,-0.0145,0.031,0.003,0.0365,0.1377,0.1507,0.049,0.0324,0.3005
AMGN,-0.0044,-0.0216,-0.0485,-0.0546,-0.0502,-0.1703,-0.2056,-0.1877,-0.2001,-0.1279,-0.0204
FIS,-0.0045,-0.0155,-0.0247,-0.0281,-0.0597,-0.0858,-0.015,0.0636,0.1087,0.0994,0.4075
CBRE,-0.0046,-0.0152,-0.0184,-0.0391,0.0191,0.0758,0.1038,0.2126,0.3689,0.496,0.4955
PEG,-0.0046,-0.0202,-0.0671,-0.0908,-0.0423,-0.0458,0.0264,0.074,0.1381,0.1819,0.4123
DOC,-0.0046,0.0007,-0.0246,-0.0659,-0.0046,-0.0697,-0.0382,-0.0338,0.0167,0.1102,0.1139
AMZN,-0.0047,0.0115,0.0546,0.1183,0.1407,0.2174,0.2117,0.2862,0.2603,0.2168,0.496
TSLA,-0.0047,0.0949,0.3344,0.4348,0.41,1.1641,0.9581,1.1602,0.899,1.6098,0.8568
IP,-0.0047,-0.0101,-0.0475,-0.0582,-0.0471,0.1753,0.1,0.1587,0.1946,0.2052,0.5435
EQIX,-0.0047,-0.0089,-0.0096,-0.0232,0.0516,0.0683,0.098,0.1584,0.2033,0.2566,0.1998
CARR,-0.0047,-0.0419,-0.072,-0.0904,-0.0554,-0.14,-0.1295,0.0229,0.0314,0.1153,0.2423
PPL,-0.0048,-0.0057,-0.0489,-0.0755,-0.0483,-0.0093,0.0178,0.0361,0.1247,0.1665,0.2364
LLY,-0.0049,-0.0182,-0.0663,-0.017,0.0654,-0.156,-0.1533,-0.1844,-0.104,-0.1222,0.3428
MAR,-0.005,0.0032,-0.0056,0.0084,0.0256,0.0868,0.1808,0.2936,0.1915,0.1886,0.3138
CTSH,-0.005,0.0071,0.0006,-0.0015,0.053,0.0377,0.0763,0.0726,0.0812,0.1891,0.0861
MS,-0.005,-0.0024,-0.0222,-0.0313,-0.0499,0.0582,0.2718,0.2711,0.2618,0.3442,0.4331
DVN,-0.0051,-0.0553,-0.1124,-0.1487,-0.1691,-0.2078,-0.2138,-0.2604,-0.304,-0.2892,-0.2748
KMI,-0.0051,-0.0151,-0.0334,-0.0568,-0.047,0.0736,0.2406,0.2737,0.2424,0.3772,0.5888
EFX,-0.0052,0.0242,0.0328,0.0423,0.1116,-0.0331,-0.0977,-0.0795,0.0125,0.1387,0.1113
VRSK,-0.0052,-0.0162,-0.0431,-0.0524,-0.0044,0.043,0.0495,0.0404,0.0033,0.0341,0.196
DOV,-0.0052,-0.0273,-0.0381,-0.0508,-0.0225,0.0084,0.0253,0.0916,0.0851,0.0771,0.2899
DUK,-0.0054,-0.0139,-0.0527,-0.0861,-0.0549,-0.1114,-0.068,-0.0452,0.0071,0.0848,0.1428
EW,-0.0055,0.0053,-0.0066,0.0228,0.0547,0.049,0.0959,0.0624,-0.1623,-0.1891,-0.0212
JNJ,-0.0055,-0.0069,-0.0323,-0.063,-0.0516,-0.1111,-0.1095,-0.0766,-0.0412,-0.0058,-0.0399
ISRG,-0.0056,0.0047,-0.0143,0.0066,0.0197,0.0402,0.1063,0.1219,0.1756,0.2533,0.6148
RTX,-0.0056,-0.0084,-0.0207,-0.0297,-0.022,-0.0727,-0.0173,-0.0101,0.1312,0.1115,0.4387
HRL,-0.0056,-0.0294,-0.0006,0.0016,0.0874,-0.0068,0.0041,-0.0021,0.0294,0.0627,0.0438
PM,-0.0057,-0.0103,-0.0395,-0.0493,-0.0486,0.0425,0.0583,0.0651,0.1819,0.2683,0.3851
COST,-0.0058,-0.0131,-0.0147,0.0154,0.0618,0.099,0.0854,0.1158,0.1553,0.1541,0.482
IR,-0.0058,-0.0408,-0.0671,-0.0679,-0.0459,-0.0341,-0.0069,0.0716,-0.0295,0.0443,0.2714
SPG,-0.0058,-0.0038,-0.0029,-0.015,0.0008,0.023,0.0834,0.1498,0.1619,0.2539,0.2958
DELL,-0.0059,-0.0073,-0.0676,-0.0547,-0.1355,-0.0669,0.0019,0.0658,-0.0803,-0.1837,0.6238
MSFT,-0.0059,0.0101,0.0328,0.068,0.0888,0.0825,0.0319,0.0656,0.0238,0.0082,0.2194
INCY,-0.0059,0.0064,-0.0754,-0.0856,-0.1037,0.0392,0.0325,0.0716,0.0583,0.0913,0.1145
AEE,-0.0059,-0.0188,-0.0392,-0.065,-0.0384,-0.0004,0.062,0.0887,0.1819,0.2742,0.2604
UHS,-0.006,-0.0314,-0.0884,-0.1072,-0.0821,-0.2323,-0.2359,-0.2009,-0.0018,-0.0384,0.2079
ADP,-0.0061,-0.01,-0.027,-0.0379,-0.0087,0.0103,0.0634,0.1219,0.1968,0.1969,0.2847
PAYX,-0.0065,-0.0114,-0.032,-0.0435,-0.0169,-0.0087,0.0535,0.1201,0.1499,0.1227,0.1151
APD,-0.0065,-0.0307,-0.0756,-0.0915,-0.0768,-0.0885,0.0584,0.1138,0.2252,0.1236,0.1407
MKC,-0.0066,-0.0097,0.0292,0.0256,0.0692,-0.005,-0.0377,0.0269,0.0922,0.1747,0.1967
PSA,-0.0066,-0.0199,-0.0609,-0.1057,-0.0684,-0.0908,-0.1238,-0.0266,0.0409,0.0887,0.0978
AMCR,-0.0067,-0.0237,-0.0769,-0.0795,-0.0358,-0.1293,-0.1192,-0.0828,-0.025,-0.0054,0.0431
SYF,-0.0067,-0.0194,-0.0012,-0.0071,0.042,0.1883,0.3138,0.4231,0.3345,0.516,0.7848
BG,-0.0068,-0.0234,-0.0675,-0.0921,-0.116,-0.0918,-0.1896,-0.1455,-0.2742,-0.2263,-0.211
FMC,-0.0068,-0.0403,-0.1299,-0.137,-0.0703,-0.181,-0.1936,-0.1818,-0.1055,-0.072,-0.1258
IDXX,-0.0069,-0.0184,-0.0237,0.0057,0.0103,-0.0734,-0.1797,-0.1414,-0.1076,-0.1444,-0.2227
ATO,-0.0069,-0.0013,-0.025,-0.0728,-0.0391,-0.0142,0.0365,0.0993,0.1505,0.2219,0.2516
FDS,-0.0069,-0.0068,0.0039,-0.0062,0.0011,0.0317,0.0362,0.1829,0.1361,0.1509,0.0921
HON,-0.007,0.017,0.0074,0.0081,0.0115,0.0427,0.1364,0.157,0.0728,0.0821,0.1499
CDW,-0.007,-0.0036,-0.016,-0.0075,-0.0114,-0.1936,-0.2274,-0.2018,-0.2408,-0.2504,-0.2077
SO,-0.007,-0.006,-0.0367,-0.0784,-0.0607,-0.1057,-0.0616,-0.0394,0.0272,0.0716,0.2032
DTE,-0.007,-0.0028,-0.0111,-0.0408,0.0036,-0.0618,-0.021,-0.0082,0.0402,0.0993,0.1211
LDOS,-0.0071,-0.0241,-0.0944,-0.0884,-0.059,-0.1183,-0.0424,-0.002,-0.0207,0.0223,0.399
BR,-0.0071,-0.0234,-0.0172,-0.0292,0.0081,0.0448,0.0954,0.0973,0.1228,0.1449,0.1762
MO,-0.0072,-0.0215,-0.048,-0.0678,-0.0461,0.0832,0.0699,0.0652,0.1092,0.198,0.3807
T,-0.0072,-0.0408,-0.0368,-0.026,-0.0141,0.0373,0.0747,0.1778,0.2375,0.2663,0.449
INTU,-0.0072,0.025,0.0278,0.0577,-0.0088,0.0971,0.0302,0.0101,0.0457,0.0677,0.0892
EL,-0.0073,-0.0304,-0.0212,0.0543,0.2077,-0.134,-0.1082,-0.1365,-0.2226,-0.31,-0.4676
CF,-0.0073,-0.0385,-0.0596,-0.0294,-0.0152,0.0245,0.0351,0.0748,0.2129,0.1843,0.1205
LHX,-0.0073,-0.0282,-0.0982,-0.116,-0.1122,-0.1242,-0.0546,-0.0464,-0.0805,-0.029,0.0532
DECK,-0.0073,0.0107,0.0229,0.089,0.1835,0.2903,0.3729,0.3208,0.4176,0.2784,0.7526
HAS,-0.0074,-0.0333,-0.1123,-0.0655,-0.0211,-0.1721,-0.1592,-0.0735,0.0198,-0.0196,0.2179
CINF,-0.0075,-0.0363,-0.0615,-0.0841,-0.0358,0.0374,0.0804,0.1294,0.2257,0.2808,0.4622
BSX,-0.0075,-0.004,-0.012,-0.011,-0.0077,0.0191,0.0722,0.1436,0.1467,0.1549,0.6078
KVUE,-0.0075,-0.0151,-0.0555,-0.0935,-0.0778,0.0071,-0.0448,0.0151,0.2116,0.192,0.0504
PEP,-0.0077,-0.0192,-0.0245,-0.0397,-0.0131,-0.1074,-0.1054,-0.1047,-0.0609,-0.0588,-0.0479
TSCO,-0.008,-0.0436,-0.045,-0.0318,-0.0099,-0.0791,0.0004,0.0448,0.0152,-0.0226,0.2841
ADM,-0.008,-0.0252,-0.0133,-0.0605,-0.0218,-0.0858,-0.1744,-0.1188,-0.1894,-0.1524,-0.2842
GRMN,-0.008,-0.0288,-0.0304,-0.0136,-0.0003,0.2484,0.218,0.1903,0.2161,0.3011,0.6695
SW,-0.0081,-0.0044,-0.0197,-0.0231,0.001,0.2062,0.0913,0.2438,0.1227,0.0,0.0
CBOE,-0.0081,-0.0224,-0.0735,-0.0981,-0.0451,-0.0612,-0.0505,-0.0463,0.0563,0.1169,0.1101
MRNA,-0.0081,-0.0335,-0.0288,-0.0682,0.0233,-0.2527,-0.4056,-0.535,-0.67,-0.6969,-0.5462
STZ,-0.0081,-0.0353,-0.0298,-0.0202,-0.0288,-0.0387,-0.0655,-0.0448,-0.0414,-0.1152,-0.0256
PNW,-0.0082,-0.0246,-0.0727,-0.0965,-0.0675,-0.0185,-0.0306,-0.0044,0.0572,0.1686,0.2293
ED,-0.0082,-0.028,-0.0675,-0.1131,-0.0659,-0.1561,-0.1178,-0.1006,-0.0402,0.0055,0.024
NTRS,-0.0082,-0.0107,-0.0386,-0.0545,-0.04,0.0847,0.129,0.225,0.2101,0.2742,0.2509
APH,-0.0083,0.0024,-0.008,0.0147,0.0562,0.0941,0.1304,0.1041,0.1171,0.0767,0.5072
EOG,-0.0084,-0.0368,-0.0573,-0.0825,-0.1057,-0.0356,-0.0177,-0.0181,-0.031,0.0147,0.0256
ADSK,-0.0085,-0.0116,-0.013,0.0331,-0.0059,0.0248,0.1131,0.2004,0.2243,0.2392,0.2607
MDLZ,-0.0086,-0.0181,-0.0389,-0.0653,-0.0475,-0.1505,-0.1816,-0.1378,-0.0803,-0.074,-0.1227
DRI,-0.0086,-0.0159,-0.0419,-0.0625,-0.0025,-0.0033,-0.0393,0.0668,0.1526,0.0906,0.027
MKTX,-0.0087,-0.0038,-0.0626,-0.1103,-0.1266,-0.1916,-0.0996,0.0132,0.0524,0.2049,-0.1635
EIX,-0.0087,-0.0255,-0.0538,-0.0969,-0.0509,-0.0659,-0.0435,-0.038,0.0709,0.1363,0.1891
TECH,-0.0088,-0.0143,-0.0169,-0.0102,0.1159,0.0484,-0.0706,0.0325,-0.0386,0.015,-0.0321
EMR,-0.0089,-0.0251,-0.0551,-0.0427,-0.0172,0.1494,0.1985,0.2309,0.0827,0.1768,0.3453
JBHT,-0.0089,-0.0225,-0.0507,-0.0766,-0.0449,-0.0041,0.0076,0.0227,0.0721,0.1307,-0.1079
TFX,-0.009,-0.0193,-0.0569,-0.0798,-0.0913,-0.2637,-0.2809,-0.2547,-0.2051,-0.1301,-0.3008
LMT,-0.0091,-0.0172,-0.0606,-0.0695,-0.0787,-0.2004,-0.1344,-0.1168,0.0365,0.052,0.1141
TPL,-0.0091,-0.0052,-0.1406,-0.2705,-0.1464,0.1279,0.3039,0.4624,0.4808,0.6058,1.2437
BXP,-0.0091,-0.0038,-0.0018,-0.039,0.0155,-0.1125,-0.0207,0.1485,0.1876,0.332,0.1821
ALL,-0.0091,-0.0236,-0.065,-0.0755,-0.0374,-0.0148,0.0095,0.0722,0.1064,0.2051,0.4151
WM,-0.0092,-0.0287,-0.0777,-0.0905,-0.0482,-0.0234,0.0153,0.0021,-0.0668,-0.0022,0.1882
FICO,-0.0092,-0.0232,-0.1083,-0.1,-0.0677,0.0735,0.0981,0.2106,0.298,0.4752,0.8382
HES,-0.0092,-0.0467,-0.0716,-0.0893,-0.09,-0.0413,0.0012,-0.0135,-0.1068,-0.0821,-0.0823
HBAN,-0.0094,-0.0227,-0.0466,-0.0678,-0.0573,0.0924,0.1217,0.2201,0.1299,0.3428,0.36
CVX,-0.0096,-0.0467,-0.0735,-0.0952,-0.0876,-0.017,0.022,0.0241,-0.0455,-0.035,0.009
REGN,-0.0096,0.0022,-0.0283,-0.0291,-0.0382,-0.2602,-0.3628,-0.3853,-0.3149,-0.3041,-0.1361
BX,-0.0097,-0.0376,-0.0224,-0.0406,-0.0091,0.0575,0.1417,0.3707,0.2986,0.4771,0.4497
RCL,-0.0097,-0.0222,-0.0401,-0.0078,0.0344,0.199,0.4006,0.5128,0.4258,0.5901,0.9397
TRV,-0.0097,-0.0204,-0.0745,-0.0914,-0.0777,-0.0872,0.0198,0.1213,0.1846,0.1599,0.3195
SYK,-0.0097,-0.0197,-0.0578,-0.0539,-0.0569,-0.0063,0.0082,0.0732,0.0749,0.0767,0.2698
YUM,-0.0098,-0.0262,-0.0344,-0.0379,0.0003,-0.0016,0.0226,-0.0163,0.0475,0.0032,0.0447
LVS,-0.0098,-0.014,-0.0272,0.033,0.0809,0.0344,0.2666,0.3015,0.2945,0.1676,0.0972
GILD,-0.0101,0.0001,0.0114,0.0025,0.0472,0.0682,0.1041,0.2509,0.2913,0.3231,0.2029
EMN,-0.0102,-0.0337,-0.0663,-0.0868,-0.0849,-0.1255,-0.1208,-0.0142,-0.0141,-0.0271,0.0985
XEL,-0.0102,-0.0108,-0.0472,-0.0759,-0.0365,0.0517,0.0519,0.133,0.2194,0.2735,0.1266
EXR,-0.0103,-0.0235,-0.058,-0.1054,-0.0631,-0.098,-0.1422,-0.0794,-0.0595,-0.019,0.0369
FAST,-0.0103,-0.0208,-0.0648,-0.0821,-0.0606,-0.0085,0.0821,0.1545,0.1376,0.1888,0.2146
DE,-0.0109,-0.0038,-0.0383,-0.0584,0.0846,0.0735,0.0747,0.1818,0.161,0.1787,0.1304
FCX,-0.011,-0.034,-0.0666,-0.0819,-0.0775,-0.1661,-0.1073,-0.0742,-0.1241,-0.1845,-0.0355
IEX,-0.011,-0.0146,-0.0357,-0.0492,-0.0305,0.0437,0.0474,0.1078,0.0743,0.0914,0.0428
DPZ,-0.0111,-0.0251,-0.0506,-0.0616,-0.0038,0.0335,0.0766,0.0417,0.0706,-0.1475,0.1011
WY,-0.0112,-0.0336,-0.0701,-0.0964,-0.0577,-0.1158,-0.1298,-0.0228,-0.0384,0.0139,-0.1314
HSIC,-0.0113,-0.0554,-0.0287,-0.0683,-0.0208,-0.0005,-0.0026,0.0486,0.0198,0.0758,-0.0238
RVTY,-0.0113,-0.0214,-0.023,-0.0239,0.0364,-0.0519,-0.1025,-0.05,0.0256,0.052,0.0861
DAY,-0.0115,-0.0078,-0.0513,-0.0413,0.0257,0.178,0.2839,0.399,0.4256,0.5262,0.1322
EQT,-0.0115,-0.0417,-0.0224,-0.0351,-0.0133,0.2024,0.2633,0.3199,0.2364,0.1929,0.1451
IBM,-0.0116,-0.0195,-0.0307,-0.0027,0.0876,-0.0253,0.0581,0.1545,0.2397,0.3238,0.4401
NDSN,-0.0118,-0.0225,-0.1371,-0.1465,-0.1266,-0.1392,-0.1487,-0.0728,-0.0771,-0.0401,-0.1273
MOS,-0.0122,-0.062,-0.0521,-0.0156,-0.0186,-0.0355,-0.0524,-0.0636,-0.1315,-0.0818,-0.3215
SBUX,-0.0123,-0.0663,-0.0967,-0.1039,-0.094,-0.0607,-0.0613,-0.022,0.1954,0.1452,-0.0508
WBA,-0.0125,-0.0525,0.1264,0.0866,0.1368,-0.0599,0.1296,-0.0321,-0.0809,-0.3497,-0.5908
AMTM,-0.0128,-0.0787,-0.1119,-0.1115,-0.0674,-0.2753,0.0,0.0,0.0,0.0,0.0
SBAC,-0.0129,-0.0373,-0.0658,-0.0972,-0.0691,-0.1664,-0.1343,-0.0559,-0.0077,0.0647,-0.1592
WBD,-0.0132,-0.0721,0.0517,0.079,0.1827,0.4322,0.3333,0.4415,0.31,0.5599,-0.0938
HCA,-0.0132,-0.0326,-0.0609,-0.0649,-0.0938,-0.2676,-0.2458,-0.1877,-0.0631,-0.1005,0.1371
OKE,-0.0133,-0.0346,-0.0764,-0.108,-0.1074,0.0436,0.0821,0.1718,0.2162,0.2855,0.5249
VRTX,-0.0134,-0.0016,-0.0022,-0.0034,-0.0087,-0.0415,-0.0313,-0.0501,-0.0664,-0.0123,0.1484
ALGN,-0.0136,-0.0412,-0.0408,-0.0172,-0.0183,0.0273,-0.1224,-0.0323,-0.0947,-0.0681,-0.1588
WAB,-0.0136,-0.021,-0.0356,-0.0227,0.0002,0.0227,0.0968,0.2208,0.1571,0.2156,0.5592
CAG,-0.0138,-0.025,0.0064,0.0016,0.0333,-0.0823,-0.1409,-0.0957,-0.0509,-0.0232,-0.02
NOW,-0.0138,-0.0194,-0.0212,0.0556,0.0935,0.1927,0.1959,0.3115,0.4532,0.4671,0.5534
CLX,-0.014,-0.0234,-0.0387,-0.0366,-0.0477,0.002,0.0015,0.0723,0.2304,0.1978,0.1678
FTNT,-0.0141,-0.0175,-0.0199,0.0232,0.0475,0.1871,0.272,0.2735,0.6465,0.6434,0.6662
PSX,-0.0145,-0.0698,-0.126,-0.144,-0.1307,-0.1315,-0.1312,-0.1301,-0.1712,-0.1591,-0.1189
PTC,-0.0145,-0.0233,-0.0355,-0.0249,0.0253,0.0523,0.0833,0.1015,0.0876,0.095,0.1283
SCHW,-0.0147,-0.0492,-0.0721,-0.0844,-0.0708,0.0635,0.1719,0.1704,0.1767,0.0389,0.1005
HPQ,-0.0151,-0.0353,-0.0757,-0.0304,-0.1021,-0.0985,-0.0348,-0.0265,-0.1087,-0.0683,0.1379
NOC,-0.0154,-0.0148,-0.0282,-0.029,-0.0282,-0.1053,-0.0907,-0.0616,0.0883,0.1034,0.0359
PGR,-0.0156,-0.0322,-0.064,-0.0869,-0.0501,-0.0296,-0.0451,0.0211,0.127,0.1659,0.5553
HSY,-0.016,-0.0454,-0.0173,0.004,0.0282,-0.051,-0.0988,-0.1097,-0.0724,-0.0255,-0.0145
CMG,-0.016,-0.0206,-0.0099,0.0195,0.0757,0.0652,0.0913,0.2179,0.1811,-0.0148,0.3592
PYPL,-0.0166,-0.0183,0.0003,0.0322,0.0553,0.104,0.1519,0.2429,0.4704,0.4743,0.4181
HST,-0.0168,-0.0094,-0.0067,-0.0014,0.0572,0.0357,0.0043,0.1265,0.0379,0.0267,0.0109
DXCM,-0.0168,-0.0091,-0.0558,-0.0206,0.0029,0.0568,0.0635,0.05,-0.3149,-0.3442,-0.3796
GEN,-0.0168,-0.0327,-0.0888,-0.0634,-0.0135,0.0665,0.0796,0.1461,0.1419,0.2036,0.2653
ECL,-0.0169,-0.0302,-0.025,-0.0204,-0.0136,-0.072,-0.0341,0.0025,-0.0129,-0.0033,0.2415
EA,-0.0174,-0.0351,-0.0916,-0.0675,-0.0716,0.0548,0.0819,0.0229,0.0643,0.0964,0.1034
DGX,-0.0178,-0.0146,-0.0469,-0.0648,-0.0579,0.0206,-0.0105,0.0171,0.0416,0.1105,0.1434
BKNG,-0.0179,-0.0316,-0.0329,-0.0291,0.0106,0.1655,0.2622,0.3728,0.3001,0.2741,0.4529
AWK,-0.0179,-0.021,-0.0316,-0.0827,-0.0717,-0.1063,-0.149,-0.102,-0.1005,-0.0229,-0.0272
ES,-0.0186,-0.0353,-0.0707,-0.111,-0.0749,-0.1317,-0.1363,-0.1206,-0.0603,0.015,-0.0348
ERIE,-0.0192,-0.0109,-0.025,-0.0501,0.0086,-0.136,-0.2074,-0.107,0.0856,0.166,0.2844
AMT,-0.0192,-0.0386,-0.0865,-0.0944,-0.0467,-0.1624,-0.1781,-0.1336,-0.0881,-0.0201,-0.0721
ALB,-0.0198,-0.0379,-0.0645,-0.111,-0.0773,0.0089,0.0746,0.145,0.0306,0.0187,-0.348
CRWD,-0.0206,0.0017,0.0124,0.0606,0.0749,0.1887,0.3291,0.3832,0.3969,-0.0314,0.4271
KHC,-0.0206,-0.0342,-0.0127,-0.0293,-0.0024,-0.139,-0.1142,-0.1116,-0.0448,-0.0485,-0.1209
LULU,-0.021,-0.0236,0.1172,0.1967,0.2354,0.3112,0.4122,0.4673,0.3417,0.2263,-0.2456
NEM,-0.0219,-0.0321,-0.0599,-0.074,-0.0755,-0.3203,-0.2683,-0.2351,-0.1679,-0.0688,-0.0447
TRGP,-0.0221,-0.0401,-0.0933,-0.1201,-0.1095,0.0938,0.1695,0.2571,0.2994,0.431,1.1006
CPB,-0.0274,-0.0261,-0.0192,-0.0912,-0.0379,-0.1367,-0.17,-0.1623,-0.0871,-0.0442,-0.0097
IRM,-0.0275,-0.0371,-0.0935,-0.1327,-0.0671,-0.1432,-0.0559,-0.0101,0.0827,0.22,0.6021
LW,-0.029,0.0083,0.0254,0.042,0.0405,0.0266,0.2239,0.2983,0.0182,-0.0478,-0.2312
RMD,-0.0292,-0.0125,-0.0419,-0.0553,-0.0162,-0.0165,-0.0285,0.0578,0.1415,0.1496,0.3696
SJM,-0.0308,-0.022,-0.0382,-0.0591,0.0051,-0.0879,-0.0693,-0.0868,-0.036,0.0308,-0.0826
AVGO,-0.0314,0.0351,0.3643,0.4573,0.4045,0.2935,0.3899,0.4068,0.4495,0.412,1.0639
TXT,-0.0319,-0.0421,-0.0886,-0.0887,-0.0697,-0.139,-0.1282,-0.1181,-0.1554,-0.1059,-0.0303
PANW,-0.0322,-0.0092,-0.0372,0.0134,0.007,0.0392,0.1676,0.0584,0.1673,0.216,0.2622
GIS,-0.0353,-0.0463,-0.0266,-0.0397,0.0115,-0.0905,-0.1437,-0.0831,-0.0072,-0.0347,-0.0121
PAYC,-0.0574,-0.0635,-0.0524,-0.0655,0.0048,0.3259,0.2719,0.3905,0.378,0.4957,0.0645
